32.25,51.8,28.5,35.31,90.3,49417
32.32,38.84,32.32,38.84,46.96,11196
38,40.73,36.68,37.95,43.42,11913
37.4,39.93,37.22,39.02,21.59,7501
39.19,42.92,39.19,42.92,19.94,5963
42.99,46.9,41.85,43.95,23.59,8731
43.9,44.69,40.8,41,19.96,7521
40.3,45.1,40.25,45.1,21.37,7830
45.5,49.6,45,49.4,21.8,9013
49.2,52.8,47.55,49.34,25.14,10410
48.9,52.68,48,51.68,17.43,7878
51.6,52.66,50.08,52.1,13.17,6156
52.8,57.31,52.8,57.31,20.36,8659
58.8,62.92,57.4,61.79,24.51,10257
61,62.78,59.5,62.25,16.38,7570
61.9,63,59.51,62.07,15.57,7083
62.1,67.48,61.87,66.2,25.37,11548
65.5,72.82,64.22,72.82,21.88,9931
72.82,80.1,70.2,80.1,18.54,9172
82.15,88.11,80.33,88.11,21.42,10909
86.3,96.5,86.3,89.88,28.11,15297
80.89,87.6,80.89,80.89,25.76,13268
73.5,79.8,72.9,76.5,31.73,14966
76.3,78.18,73.28,76.12,25.19,11845
73.9,76.45,72,73.42,21.91,10798
73.83,80,72.8,77.8,28.25,14975
76.66,76.68,70.3,71.85,24.06,12924
71.3,71.3,67.61,69.15,17.03,7541
69.15,71,67.8,69.74,15.6,7709
68.09,68.78,66,66,14.68,6684
65.12,68.8,64.78,66.76,16.67,7777
65,67.6,60.5,65.4,21.86,9598
64,65.3,63.04,63.51,11.2,5083
63.35,65.38,59.55,59.9,13.07,6487
59,61.58,58.3,60.45,12.77,5911
58.8,63,58.22,61.82,16.48,7722
60.39,60.8,58.28,59.48,13.68,7179
60.3,63.08,59.68,61,13.01,6629
60.99,62.97,59.16,60.52,12.43,5963
60.5,62.5,59.3,60.75,12.22,6024
62.04,62.99,61.21,61.65,8.95,4800
61.7,62.15,58.5,60.2,10.36,5545
59.51,59.6,57.6,57.69,11.96,6284
56.79,58.8,56.5,56.89,7.9,4114
56.49,56.99,52.83,53.49,12.95,6105
54.5,54.5,52.45,54.29,9.05,4008
54,54.89,53.2,54.84,8.42,3599
54,54.5,52.6,53.12,6.75,3216
53.15,58.43,53.15,58.43,15.92,6726
60.3,63,60.29,61.3,24.89,11109
61.39,61.39,59.19,60.75,9.89,5135
60.6,60.6,58.63,58.64,8.46,4194
58.59,58.59,54,54.18,10.6,5595
53.1,55.6,53.1,54.21,5.89,2818
53,53,49.78,50.06,10.49,4751
49.04,51.21,48.5,50.06,6.16,2952
50.51,51.8,50.51,51.13,9.29,3930
51.35,51.5,48.5,49.7,4.32,1975
49.01,49.69,47.02,48.32,6.1,2490
47.75,51.1,47.5,49.8,7.44,3031
46.3,52.1,46.22,49.06,20.09,5104
49,53.68,48.77,51.05,11.37,6072
51.16,51.78,48.02,50.8,7.92,3779
51,51.16,49.51,50,4.97,2904
50,51.66,48.61,49.3,6.03,3127
49.1,49.89,48.48,49,4.16,2194
48.69,51.58,48.6,50.59,6.06,3230
50.99,53.5,50.23,52.79,7.24,4088
52.77,53.4,51.66,52.25,5.86,3513
52.1,53.02,51.3,52.93,4.62,2588
52.93,58.1,52.92,55.8,9.49,5817
55.95,56.94,54.51,56.7,5.77,3514
62.37,62.37,62.37,62.37,3.3,1336
68,68,65.88,66.76,17.94,10009
66,66.9,64,64.8,9.26,6210
64.75,70.99,64.1,69.7,13.35,8458
69,71,67.4,69.95,9.68,6653
68.6,70.2,67.2,67.2,8.47,5900
66.5,67.78,63.1,63.37,7.68,5794
63.31,65,63,64.32,5.93,3727
63.6,66.5,63.51,65.9,4.96,3345
65.08,65.97,64.2,64.46,3.34,2450
64.44,65.59,62.37,62.99,4.58,3268
62.95,66.48,62.85,65.4,6.85,4727
65.48,67.99,64.8,64.85,6.64,4676
63.9,65.75,63.56,64.49,3.16,2160
64.5,64.98,63.41,63.75,3.08,1949
63.89,65.85,63.61,65.53,4.6,2948
65.88,66.99,64.95,66.27,3.65,2595
66.3,66.8,65.35,65.97,2.71,1882
66.75,68.98,66.18,68.2,6.67,4172
67.99,72.98,67.3,71.61,10.8,7092
71.8,74.5,71.21,71.81,10.34,6380
71.3,73.95,70.1,72.57,8.02,4920
71.6,72.2,68.61,69.5,7.57,4483
68,70.09,66,67.18,8.57,4623
67,68.2,66.5,67.76,5.6,2923
67.85,70.8,67.08,70.06,8.08,4429
70.1,71.7,69.21,69.21,7.9,4730
68,68.99,67.21,68.1,4.95,2954
68.18,71.2,68.1,70.34,5.3,3500
70.61,71.35,69.71,71.35,6.5,3918
71.33,78.45,70.06,75.01,13.96,8070
74.5,78.36,73.8,76.6,8.97,5513
76.1,78.99,75.01,78.89,8.18,4991
78.7,78.95,71,71,13.25,7385
72.5,73.15,66,67.29,10.34,5890
66.09,72.47,65.11,69.67,7.71,4137
69.56,71.82,68.15,69.61,6.14,3014
70.48,70.49,63,67.61,5.47,3024
67.01,70.2,66,69.81,4.7,2622
70,71.39,69,70.2,5.33,3097
69.6,71,67,67.74,4.61,2736
67.74,68.5,67.01,67.29,2.61,1613
66.79,67.25,62.89,65.35,3.07,2269
58.82,63.3,58.82,60.02,5.38,2774
60,61.68,57.77,57.77,3.64,2116
57.75,58.74,53.88,56.15,3.57,1899
54.35,58.27,54.35,57.32,2.07,1303
57.32,63.02,56.58,62.15,3.77,2373
61.5,61.9,59.5,59.5,3.09,1924
57.6,61.5,57,60.01,2.4,1521
60,60.66,54.5,57.3,2.19,1483
58.01,60.33,57.05,57.93,2.45,1686
57.93,59,57.22,58.01,2.27,1088
59,59.99,58.2,59.99,2.38,1553
59.36,61.55,59.05,61.3,2.63,1645
60.78,60.99,57.06,57.06,2.84,1697
57,58.57,55.58,57.92,2.43,1287
58.9,61.5,57.88,60,2.48,1618
59.99,61.88,59.04,59.5,2.08,1391
62,65.45,62,65.45,8.89,3511
65.46,67.9,65.01,66.3,6.09,3483
65.9,67.5,65.09,66.75,3.84,2102
66,68.23,65.3,67.81,4.01,2419
68.3,70.53,68,70.18,5.49,2921
70.18,70.8,67.77,67.77,3.97,2108
65.98,68.6,64,67.7,4.23,1979
66.28,69.9,66.2,69.63,2.65,1477
71.86,75.45,71.18,72.8,7.5,4466
72.01,74.64,71.11,74.4,3.86,2504
72.7,77.76,72,76.8,5.59,3433
76.45,77.48,74.55,75.99,3.85,2579
76.4,82.43,75.89,79.86,8,5232
40.01,43.81,39.48,43.81,12.04,9190
45.11,47.68,44.99,45.99,17.06,15732
46.21,48.6,46.2,46.3,11.96,11835
44,44.6,41.67,41.67,7.84,8124
38.89,42.9,37.53,41.79,9.57,9665
41,43.56,40,42.02,7.24,7812
41.1,42.93,41,41.8,4.76,5389
42,42.6,41.21,41.7,3.18,3701
41.3,41.94,39,39.82,4.65,5483
39.88,40.5,39,39.16,2.51,3015
39.6,39.6,35.24,35.25,6.87,6574
34.52,36.6,32.2,36.4,6.4,5904
35.8,35.99,33.5,33.8,4.91,4668
33.5,34.01,30.62,31.5,10.55,7325
30.89,30.89,28.95,29.53,13.05,7203
28.55,30.59,28.51,30.23,13.2,7300
30.49,30.87,29.41,30.85,9.58,7073
30.96,31.2,29.62,30.02,8.02,6078
29.71,33.02,29.71,33.02,14.03,8945
34,35.32,33.78,34.27,22.37,15413
33.68,34.97,33,34.7,12.74,10555
34.72,34.73,33.13,33.66,11.7,10204
33.3,33.35,31.6,31.72,9.08,8456
31,32,30.48,31.96,7.71,6716
31.5,32.7,31.1,32.3,6.46,5977
32.46,33.8,32.06,32.99,8.83,7117
33,33.76,32.18,32.44,8.52,7422
32,32.76,31.84,32.66,6.92,5867
33.8,35.93,33.8,34.93,19.33,14749
33.88,34.7,33.79,34.58,10.34,8882
34.58,34.59,33.88,34.06,6.27,5745
33.95,35,33.74,34.98,8.68,7602
35.02,35.44,34.1,34.77,8.43,7267
34.77,34.77,33.58,34.01,7.05,6414
33.95,34.93,33.8,34.72,7.53,6360
35,35.4,34.33,34.33,9.96,8567
34,34.32,33.01,34.3,8.49,7584
33.93,34.85,33.75,34.65,8.75,7194
34.79,36.8,34.66,35.96,15.27,12157
35.5,36.48,35.5,36.37,10.66,8511
36.36,36.49,34.31,34.36,10,9080
34.18,34.73,33.85,34.43,5.44,4696
34,34.47,33.6,33.68,5.48,4879
33.67,34.53,33.67,34.35,4.38,3835
34.81,35.32,34.81,35.03,7.51,5902
35.7,35.88,34.03,34.4,7.59,6277
34.46,34.75,34.1,34.26,4.35,3988
34.27,34.46,33.17,33.19,6.06,5553
33.13,33.5,32.7,33.22,4.42,4013
33.51,34.5,32.95,34.26,5.65,4767
34.1,34.1,32.89,32.9,3.85,3707
32.88,32.88,31.03,32,6.35,5600
31.99,32.13,31.35,32,3.93,3346
32.2,32.78,31.83,32.5,5.27,4189
32.25,32.25,31.8,32,5.11,4010
32.02,32.27,30.7,30.91,6.02,5293
30.78,31.35,30.78,31,4.76,3814
30.99,32.65,30.8,32,7.33,6125
32.08,32.08,31,31.32,5.83,4215
31.32,31.57,31.06,31.49,3.18,2787
31.5,31.5,31,31.18,3.82,3288
31.28,32.16,31.04,31.68,6.64,5235
31.68,32.4,31.35,32.26,7.01,5449
32.3,32.87,31.82,32.11,6.62,4932
32.19,32.37,31.2,31.34,5.68,4570
31.32,31.33,29.95,30.01,7,6207
29.83,30,29,29.2,4.02,3428
29.2,29.57,29.07,29.19,2.1,1908
29.28,29.48,28,28.03,4,3348
28.1,28.29,26.6,26.83,4.39,3484
26.8,27.96,25.9,27.91,4.34,3665
28,28,26.6,26.87,3.3,2721
26.87,27.02,26,26.01,2.87,2558
26,26.48,25.6,26.35,2.05,1642
26.5,27.4,26.5,27.08,2.89,2470
27.17,29.58,27.17,29.12,7.47,5978
29.2,29.2,28.4,28.58,4.36,3350
28.5,29.58,28.36,29.25,5.56,3882
29.2,30.38,28.76,29.38,5.95,4616
29.12,29.18,28.2,28.41,4.45,3341
27.51,28.14,26.4,26.68,6.51,4890
26.6,29.35,26.3,29.35,8.4,5350
30.07,31.58,29.56,30.42,16.15,11052
30.5,30.5,29,29.18,7.36,5519
29.25,31,29.25,30.1,7.48,5878
30.33,32.5,30.33,32.19,14.45,8983
32.21,35.39,31.21,35.04,15.59,10080
35.16,36.84,34.2,34.5,15.78,10866
34.02,34.99,33.1,34.48,9.91,6767
34.89,35.91,34.02,35.35,11.75,7247
35.35,37.99,34.5,37.16,9.93,8730
36.4,36.9,34,34.15,9.61,12127
33.51,33.52,31.9,32.3,4.31,5428
31.8,32.72,31.8,32.5,3.82,4837
32.52,32.81,31.91,32.2,4.27,5343
32.27,34.26,32.2,34.15,5.61,6762
34.15,35.55,33.78,35.38,7.08,7653
35.36,36.08,34.6,34.61,5.67,6808
34.31,34.93,33.88,33.88,4.2,5361
33.8,33.8,30.95,31.18,4.84,6214
31.73,33.39,31.5,33,3.7,4507
33.48,34.78,31.94,32.41,5.69,6104
31.7,33.39,31.52,32.41,2.92,3396
32.58,33.2,31.66,32.81,2.28,2444
32.97,34,32.5,33.92,3.73,4620
33.45,35.52,33.36,34.6,5.14,5694
34.26,34.59,32.48,33.64,3,3852
33.9,35.33,33.9,35.12,6.16,6378
35.17,35.4,33.5,34.6,4.52,5153
34.4,35.1,33.8,34.63,2.79,3808
34.2,34.59,33.83,34.35,2.91,3240
34.1,34.43,31.8,32.9,3.6,4094
32.6,32.9,31.95,32.6,1.89,2337
32.8,33.27,32.6,32.91,1.7,1942
32.9,32.9,31.85,32.01,1.62,2075
32.4,32.4,31.71,31.79,3.07,2301
31.76,32.5,31.51,32.31,2.08,2188
32.3,32.35,31.85,31.98,2.49,2325
32.3,32.3,31.65,31.65,1.99,1873
31,31.88,30.54,31.8,2.52,2453
32.9,33.45,32.4,33.35,4.91,5114
33,34.25,33,34.18,4.64,4438
34.01,35.1,33.81,34.22,4.09,4982
34.1,35.15,34.05,34.49,4.72,4959
34.49,35.49,34.43,35.35,5.76,6608
35.8,36.5,34.09,35.67,6.56,7546
35.83,36.16,34.51,34.81,3.87,4805
34.88,35.69,34.15,35.44,4.02,4405
35.16,35.35,34.2,34.2,2.36,2784
33.8,34.4,33.21,33.51,2.2,2261
33.35,33.97,31.06,31.9,2.49,3436
31.6,31.8,29.91,29.91,2.47,3499
30.01,30.98,29.75,30.98,2.79,2449
30.9,30.98,30.2,30.2,1.69,2178
30.2,32.27,30.01,32,2.49,3104
32,32.4,31.2,32.04,2.29,2931
32.19,32.19,31.25,31.68,1.82,2183
31.53,31.66,30.6,30.96,2.44,2571
30.62,31.03,30.2,30.98,2.48,2299
30.88,30.96,29.8,29.83,1.79,2372
29.91,30.29,28.9,29,1.47,2124
31.9,31.9,31.9,31.9,4.26,2107
33,35,32.25,34.6,17.05,18376
33.32,34.5,33.19,33.66,6.4,9336
33.5,34.67,31.2,31.42,6.92,9583
30.49,31.5,30.33,30.91,3.5,5047
30.75,32.66,30.3,32.31,4.51,6029
32.31,34.55,31.81,33.79,9.63,12463
33.31,34.19,33,33.71,6.31,7997
33.03,33.69,30.82,30.84,5.6,8276
30.7,30.7,28.8,29.52,3.97,5976
29.2,30.41,29.2,30.05,2.15,3665
29.8,31.4,29,31.27,3.26,4902
31,32.49,30.7,31.75,3.04,4787
31.2,32.32,31.2,32.07,2.54,3574
32.1,32.3,31.2,32,2.12,3254
31.2,33.78,31.13,32.51,3.94,5550
33.17,34.5,33.17,33.8,4.87,7119
34,34.77,33.42,34.2,4.65,6324
34.1,35.6,33.88,34.97,7.31,8447
34.6,35.15,34.2,34.26,4.7,6505
34.07,35.35,34.01,35.1,4.94,6312
35.28,35.3,34.29,34.58,4.37,5353
34.57,34.57,33,33.23,3.84,5396
33.24,35.51,33.24,35.51,6.77,8411
35.93,35.95,34.1,34.96,6.13,7630
34.79,38.39,34.62,37.8,11.2,13707
37.57,37.57,36.51,37.49,5.69,7942
37.22,39.29,36.71,38.15,7.04,9779
38.4,38.4,37.2,37.56,5.18,6963
37.3,37.3,36.37,37.29,5.03,7261
37.57,38.7,36.61,37.26,5.08,7448
37,37.33,35.15,35.49,5.46,7900
35.59,35.74,34.51,35.57,4.02,5608
35.65,35.78,34.9,35.6,5.2,6216
35.37,36.49,34.7,35.98,4.51,6691
35.93,36.48,35.25,36.09,4.14,6219
35.98,36.5,35.43,35.59,4.08,5769
35.01,35.98,34.8,35.06,3.4,5449
34.83,35.19,34.8,35.11,2.6,3635
35.12,35.12,33.17,33.89,3.73,5930
33.83,34.62,33.83,34.57,2.31,3191
33.88,34.92,33.85,34.15,2.36,3422
34.23,35.2,34.23,34.78,1.61,2703
34.91,35.45,34.31,34.45,1.92,2944
34.79,35.14,34.12,34.27,1.71,2701
34.59,34.59,33.85,34.25,2.44,3180
34.35,34.7,34,34.26,1.61,2680
34.31,34.56,34.06,34.26,1.86,2687
34.29,34.43,33,33.2,3.74,5283
33.2,33.2,31.6,32,4.44,6159
32,32.33,31.22,31.61,2.08,3168
31.6,32.49,31.48,31.55,2.74,3605
31.52,31.95,31.35,31.89,1.61,2245
31.87,31.89,31.01,31.16,1.91,2785
31.16,31.84,31.09,31.64,1.6,2296
31.6,32.95,31.55,32.48,3.64,4764
31.6,31.94,30,30.16,7.13,8444
31.25,31.89,30.9,30.99,5.59,7967
31,31.16,30.19,30.48,2.41,3877
30.19,30.5,30,30.48,1.93,2906
30.3,30.4,29.85,30.14,2,2986
30.31,31.25,30.16,31.05,2.54,4210
31.12,31.26,30.85,30.89,1.99,2906
30.91,31.1,30.52,30.87,1.43,2394
30.8,30.8,29.79,29.83,2.11,3181
30.2,30.7,29.7,30.35,3.05,4164
30.45,30.49,29.66,29.73,2.18,2680
29.73,30.05,27.75,27.96,2.25,3797
27.99,28.36,27.86,28.33,1.37,2110
28.5,28.78,28.28,28.66,1.03,1476
28.88,28.95,27.52,27.85,1.53,2183
27.8,28.46,27.52,28.29,1.21,1741
28.15,28.37,27.86,28.21,1.02,1344
28.5,28.88,28.32,28.71,1.13,1715
28.7,28.87,28.51,28.77,0.836,1292
29.05,29.43,28.74,29,1.16,1758
28.59,28.99,28.5,28.55,1.07,1379
28.8,29.49,26.4,26.59,4.64,5814
25.63,25.63,23.97,24,9.31,9966
23.3,23.96,23.01,23.85,3.9,4784
24.02,24.83,24.02,24.58,4.06,5708
24.66,24.67,24.1,24.16,1.68,2484
24.2,24.46,23.4,23.76,2.12,2795
23.75,24.8,22.75,24.53,3.71,4647
12.28,12.28,11.41,11.5,2.55,4519
11.43,11.75,11.09,11.1,2.12,3476
11.04,11.21,10.66,10.76,2.14,3272
10.7,11.25,10.5,10.9,2.91,4141
10.93,11.06,10.64,11,2.25,3303
11.35,11.98,11.35,11.57,4.1,6907
11.24,11.45,10.88,11.21,2.88,4755
11.17,11.36,11.03,11.27,2.19,3386
11.4,11.43,11.21,11.34,1.71,2695
11.26,11.26,11,11.18,1.64,2780
11.17,12.18,10.91,11.42,3.75,6232
11.22,11.41,11.03,11.24,1.85,3218
11.16,11.44,11.02,11.32,1.74,3501
11.36,11.44,11.2,11.33,1.64,2446
11.35,11.44,11.13,11.14,1.41,2299
11.05,11.12,10.66,10.68,1.72,3094
10.6,10.73,10.39,10.4,1.38,3396
10.3,10.44,10.15,10.2,0.949,1700
10.23,10.33,10.16,10.32,0.786,1354
10.4,10.46,10.22,10.33,1.09,1618
10.34,10.76,10.17,10.62,2.02,3209
10.63,11.21,10.54,11.04,2.99,4532
11.09,11.42,10.93,11.14,2.53,3772
11.14,11.2,10.95,11.14,1.4,2342
11.1,11.33,11.05,11.16,1.83,2692
11.16,11.5,11.08,11.39,2.37,3316
11.39,11.56,11.27,11.33,2.08,3074
11.62,11.92,11.5,11.78,4.01,6319
11.62,11.93,11.61,11.92,3,4312
11.9,12.13,11.7,11.85,2.82,4419
11.8,11.88,11.52,11.65,1.78,3024
11.7,12.04,11.7,11.9,2.19,3263
11.83,11.85,11.53,11.53,1.98,3306
11.53,12.15,11.53,12.07,3.27,4855
12.2,13.28,11.98,13.28,6.73,9197
13.58,14.6,13.43,14.34,14.63,22275
14.35,14.99,13.97,14.54,8.32,14734
14.5,14.5,13.71,13.88,5.38,9688
13.94,14.14,13.55,13.97,4.18,6813
13.77,13.82,13.17,13.23,8.39,12872
13.3,13.61,13.2,13.33,4.05,5937
13.34,13.34,12,12.27,6.13,8927
12.16,12.43,12.13,12.4,2.94,4245
12.38,12.98,12.1,12.87,4.72,6271
12.6,12.79,12.27,12.66,3.17,4743
12.7,12.97,12.39,12.43,3.03,4702
12.55,12.85,12.31,12.68,2.6,4176
12.55,13.19,12.2,13.15,4.62,7700
12.94,13.74,12.82,13.45,6.41,10697
13.45,13.55,13.18,13.2,3.34,5928
12.55,12.94,12.1,12.66,3.4,5322
12.28,12.5,11.45,11.52,4.06,7292
11,11.77,10.75,11.38,4.34,6446
11.85,12.19,11.62,11.73,3.5,5949
11.37,12.18,11.27,12.1,4.16,6297
12.33,13.28,12.2,12.69,5.5,8389
12.7,13.15,12.68,12.95,3,5089
12.94,13.07,12.59,12.67,2.95,5006
12.63,12.9,12.55,12.6,2.1,3566
12.65,12.72,12.34,12.34,1.86,3208
12,12.57,11.83,12.54,2.18,3919
12.5,13.07,12.5,12.89,3.88,6118
13.3,13.98,13.28,13.42,8.1,13226
13.2,13.57,13.06,13.09,4.82,8389
13.08,13.36,12.85,13.19,3.7,6491
13.21,13.49,13.12,13.18,2.53,4849
13.11,13.42,12.93,13.37,3.91,5919
13.47,13.57,12.89,12.93,3.1,5499
12.9,13.02,12.6,12.73,2.04,3809
12.86,12.9,12.5,12.89,2.08,3508
12.85,12.99,12.51,12.51,2.29,3576
12.26,12.26,11.8,11.86,2.98,4672
11.7,11.9,11.56,11.67,1.86,2930
11.67,12.18,11.66,12.16,2.43,3721
12.26,12.28,11.83,11.83,1.87,3095
11.81,11.98,11.55,11.6,1.75,2740
11.38,11.51,11.2,11.46,1.17,2057
12.3,12.61,11.75,12.21,6.11,8556
12.01,12.21,11.9,11.93,3.1,4696
12,12.09,11.71,11.75,1.69,2943
11.7,11.7,11.3,11.32,1.67,2945
11.2,11.6,11.2,11.55,1.33,2299
11.48,11.93,11.38,11.88,1.91,3339
11.76,11.84,11.38,11.39,1.9,3274
11.2,11.48,11.1,11.4,1.44,2578
11.48,11.59,11.17,11.26,1.24,2104
11.45,11.49,11.24,11.34,0.965,1547
11.51,11.51,11.18,11.25,1.11,1790
11.13,11.13,10.7,10.73,1.79,2760
10.8,10.85,10.5,10.73,1.13,1823
10.86,10.94,10.71,10.76,0.694,1308
11.02,11.2,10.73,10.88,1.17,1994
10.89,11.45,10.67,11.36,1.89,3109
11.36,11.65,11.24,11.5,2.14,3312
11.57,11.77,11.32,11.44,1.8,3021
11.45,11.59,11.3,11.36,1.24,1979
11.32,11.63,11.12,11.14,2.13,3414
11.18,11.35,11,11.15,1.32,1834
11.2,11.2,10.89,10.99,1.74,2736
10.98,10.98,10.52,10.71,1.27,1705
10.71,10.83,10.3,10.8,1.42,2208
10.8,11.1,10.7,11.08,1.75,2551
11.03,11.28,10.77,11.15,3.03,4067
11.1,11.79,11.05,11.59,5.08,6913
11.58,11.74,11.45,11.62,4.1,5007
11.5,12.78,11.45,12.78,11.95,12241
12.52,13.2,12.52,12.94,10.87,12548
12.58,13.5,12.51,13.23,8.18,12019
13.3,13.85,12.89,13.02,9.07,11990
13.1,13.54,12.9,13.36,6.22,7779
13.3,13.3,12.91,13.15,3.12,4421
13.05,13.13,12.68,12.88,3.33,4680
13.03,13.55,12.87,13.55,6.51,7518
13.3,13.88,13.1,13.35,7.27,9811
13.37,13.43,12.81,13.12,4.04,6108
13.17,13.47,13.1,13.4,4.47,6170
13.36,13.45,13.18,13.36,2.5,4051
13.38,13.47,12.61,12.74,3.41,5741
12.69,12.93,12.6,12.72,2.1,3189
13.11,13.38,12.63,12.66,5.49,7815
12.35,12.41,11.8,12.2,3.8,11021
12.1,12.16,11.82,12.02,1.67,2987
12.04,12.14,11.92,11.96,1.53,2295
11.8,12.1,11.71,11.96,1.54,2595
11.96,12.19,11.76,11.8,1.35,2411
11.99,12.52,11.99,12.31,3.84,6229
12.5,12.58,12.33,12.51,2.55,4042
12.4,12.45,11.41,11.72,2.65,4677
12.25,12.25,11.92,11.98,2.23,3318
11.93,11.95,11.51,11.66,1.76,2800
11.63,11.99,11.41,11.46,2.1,2888
11.01,11.69,10.91,11.59,1.6,2624
11.41,12.1,11.38,12.08,2.38,3566
11.94,12.3,11.71,12.08,2.77,3951
11.85,12.14,11.8,12.02,1.3,2187
12.06,12.53,12.06,12.11,2.45,4596
11.86,11.99,11.46,11.89,2.35,4045
11.77,12.38,11.3,11.95,3.06,5170
11.47,11.78,11.31,11.38,2.31,4281
11.45,12.2,11.38,12.2,2.58,4173
12.19,12.79,12,12.72,5.21,8686
12.61,12.78,12.33,12.37,3.05,5322
12.55,12.9,12.08,12.11,3.79,5781
11.8,12.72,11.35,12.59,4.42,7567
12.48,13.05,12.27,12.91,6.59,10291
12.76,13.2,12.62,12.71,5.33,8563
11.84,12.11,11.5,11.72,4.44,7824
11.55,11.88,11.4,11.4,2.34,4541
11.5,11.86,11.48,11.81,2.32,4244
11.97,12.08,11.51,11.52,2.37,4279
11.4,11.4,10.37,10.37,4.3,6992
10.28,10.59,9.5,10.4,2.48,4560
10.25,10.75,10.01,10.7,3.07,4894
10.7,11.2,10.66,10.95,4.79,6852
10.96,11.12,10.78,10.97,3.55,5376
10.93,11.09,10.58,10.66,3.93,5759
10.66,10.75,9.96,10.01,3.77,6039
10.01,10.08,9.53,9.53,2.27,3647
9.5,10.17,9.38,10.09,3.32,5038
10.1,10.15,9.4,9.55,3.95,6202
9.57,9.72,9.27,9.55,2.21,3383
9.64,9.94,9.62,9.94,2.47,3987
9.99,10.13,9.85,9.94,2.31,3600
9.89,10.15,9.66,10.15,2.12,3536
10.05,10.6,10,10.44,5.18,7547
10.62,11.04,10.55,10.65,10.97,14827
10.7,10.93,10.65,10.73,5.78,8634
10.72,10.81,10.47,10.63,4.52,7093
10.5,10.51,10.21,10.33,3.23,5374
10.39,10.64,10.22,10.61,4.02,5905
10.6,10.75,10.5,10.62,4.2,6393
10.63,10.87,10.49,10.72,5.43,7719
10.59,10.93,10.53,10.85,5.37,7245
10.85,10.94,10.56,10.66,4.1,5856
10.63,10.85,10.5,10.79,4.61,6452
10.77,10.99,10.71,10.86,5,7259
10.84,10.92,10.56,10.73,2.99,4826
10.94,10.94,10.69,10.69,3.37,4922
10.68,10.82,10.52,10.8,3.12,4698
10.8,11.12,10.71,11.07,7.58,9580
11.07,11.16,10.87,11.01,5.21,6666
10.99,11.48,10.96,11.35,7.37,9296
11.3,11.47,11.18,11.18,7.54,9341
11.1,11.63,10.8,11.44,9.73,13150
11.31,11.37,11.05,11.06,4.5,6667
11.07,11.25,11.02,11.1,2.64,3984
11.19,11.38,11.14,11.32,4.07,5177
11.39,11.4,11.23,11.28,3.79,5173
11.21,11.27,10.78,10.88,5.56,8130
10.73,10.85,10.55,10.65,4.82,7183
10.67,10.93,10.67,10.85,3.55,4386
10.85,10.94,10.71,10.92,4.43,5709
10.86,10.99,10.73,10.89,3.52,4671
10.92,10.98,10.8,10.98,3.67,5134
10.99,11.43,10.66,10.75,9.41,12660
10.65,10.78,9.99,10.2,5.49,7966
10.2,10.38,10.08,10.35,2.86,4058
10.44,10.64,10.44,10.58,3.2,4561
10.59,10.59,10.2,10.25,2.92,4048
10.24,10.35,10.05,10.24,2.32,3433
10.23,10.39,10.11,10.25,1.9,2688
10.2,10.22,10,10.08,1.92,2843
10.11,10.16,9.92,9.99,1.44,2247
10,10.1,9.79,9.8,2.06,2989
9.8,9.8,9.29,9.35,2.81,4335
9.35,9.78,9.35,9.48,3.53,5462
9.42,9.48,9.17,9.23,2.49,4063
9.29,9.45,9.22,9.4,2.46,2961
9.34,9.45,9.23,9.35,2.41,3283
9.35,9.35,9.1,9.12,1.73,2575
9.02,9.11,8.77,9.09,2.63,3823
8.98,9.07,8.85,9.05,1.51,2256
9.04,9.3,9.04,9.25,2.32,3172
9.3,9.35,9.22,9.28,2.14,2789
9.25,9.33,9.19,9.27,1.54,2107
9.27,9.37,9.22,9.32,1.84,2682
9.33,9.45,9.28,9.45,2.92,3397
9.41,9.66,9.38,9.61,3.76,4641
9.6,9.6,9.36,9.51,3.59,4388
9.5,9.5,8.56,8.56,6.91,10188
8.34,8.47,8.11,8.28,4.23,5826
8.28,8.4,8.22,8.35,1.87,2870
8.39,8.39,8.13,8.19,2.3,3389
8.24,8.32,8.13,8.24,1.47,2174
8.36,8.44,8.24,8.29,2.14,2694
8.3,8.3,8.02,8.19,2.87,3740
8.11,8.25,8.07,8.24,2.73,3268
8.1,8.42,8.08,8.41,2.83,3716
8.38,8.46,8.31,8.41,3.33,4027
8.38,8.38,8.18,8.18,1.85,2847
8.15,8.3,8.14,8.22,1.62,2211
8.22,8.36,8.16,8.21,1.55,2272
9.03,9.03,8.53,8.55,8.24,9767
8.3,9.4,8.21,9.27,11.49,14497
9.09,9.17,8.81,8.92,6,7865
8.9,9.04,8.79,8.89,4.43,5697
8.75,8.8,8.54,8.59,3.18,4691
8.7,8.7,8.25,8.32,2.61,3893
8.41,8.45,8.32,8.42,1.62,2356
8.4,8.42,8.21,8.29,1.82,2919
8.3,8.37,8.24,8.33,1.26,2001
8.39,8.42,8.16,8.18,1.6,2524
8.16,8.22,7.7,8.09,2.4,3521
8.09,8.25,8,8.24,2.05,2988
8.26,8.34,8.16,8.23,1.71,2501
8.18,8.4,8.12,8.34,2.25,2984
8.3,8.67,8.25,8.47,3.17,4511
8.25,8.45,8.08,8.12,2.2,3215
8.15,8.2,7.99,8.03,1.15,1972
8.06,8.35,8.06,8.23,1.57,2502
8.3,8.35,8.11,8.13,1.24,1841
8.21,8.3,8.05,8.06,1.03,1605
8.06,8.19,8.04,8.16,1.28,1655
8.13,8.19,8,8.11,1.01,1519
8.4,8.56,8.3,8.34,2.52,3877
8.3,8.53,8.26,8.4,2.59,3440
8.44,8.45,8.18,8.33,2.19,2789
8.35,8.41,8.25,8.35,1.81,2102
8.32,8.34,8.16,8.19,1.57,2020
8.21,8.25,8.15,8.22,1.09,1466
8.22,8.23,8.03,8.09,1.05,1778
8.07,8.2,7.88,7.9,1.24,1937
7.81,7.88,7.68,7.81,1.37,2126
7.8,7.87,7.72,7.74,0.742,1228
7.75,7.83,7.6,7.61,0.86,1315
7.53,7.68,7.52,7.66,0.864,1329
7.67,7.76,7.67,7.71,0.665,1070
7.67,7.9,7.62,7.77,1.16,1553
7.73,7.79,7.65,7.65,0.769,1126
7.63,7.63,7.2,7.22,1.27,2101
7.26,7.33,7.01,7.29,1.55,1926
7.27,7.35,6.97,6.98,0.895,1527
7.04,7.13,6.97,7.06,0.932,1200
7.06,7.08,7,7.08,0.627,902
7.08,7.19,6.99,7.16,1.02,1475
7.05,7.16,7.02,7.06,0.913,1119
7.05,7.08,6.68,6.7,1.15,1741
6.73,6.75,6.6,6.75,0.801,1096
6.7,6.79,6.58,6.75,0.988,1258
6.77,6.94,6.72,6.86,1.22,1626
6.81,6.94,6.81,6.84,0.689,908
6.8,7.18,6.77,6.95,1.56,2207
6.83,6.97,6.8,6.94,1.06,1370
6.93,6.97,6.83,6.86,0.643,963
6.86,6.92,6.75,6.75,0.64,908
6.77,6.81,6.67,6.72,0.63,832
6.69,6.75,6.48,6.52,0.908,1143
6.55,6.55,6.09,6.21,0.943,1488
6.2,6.4,6.2,6.3,0.879,999
6.3,6.35,6.17,6.18,0.507,720
6.15,6.35,6.15,6.33,0.728,915
6.29,6.49,6.26,6.49,1.01,1299
6.49,6.85,6.46,6.72,2.01,2520
6.7,6.7,6.57,6.64,1.05,1350
6.7,7.09,6.65,6.85,2.96,3564
6.77,6.89,6.69,6.72,1.71,2058
6.7,6.7,6.5,6.51,1.37,1655
6.53,6.55,6.35,6.51,1,1316
6.46,6.53,6.38,6.4,0.883,936
6.46,6.46,6.32,6.33,0.85,981
6.31,6.46,6.28,6.42,1.2,910
6.41,6.72,6.22,6.65,2.34,1966
6.54,6.73,6.39,6.59,11.43,9880
6.52,6.55,6.35,6.39,3.93,3928
6.35,6.38,6.22,6.33,3.7,3522
6.31,6.31,6.09,6.1,2.55,3012
6.1,6.1,5.92,5.92,1.85,2046
5.88,6.03,5.88,5.97,1.38,1430
5.95,6.07,5.91,6.01,1.48,1434
6,6.06,5.71,5.83,1.98,2117
5.84,5.9,5.76,5.8,0.94,1215
5.79,5.92,5.74,5.87,1.28,1344
5.86,6.11,5.86,5.97,2.86,2915
5.9,6.05,5.9,6,1.49,1614
6.05,6.09,5.98,6.06,1.93,1583
6.3,6.49,6.16,6.34,4.58,4876
6.3,6.49,6.24,6.49,3.67,3733
6.42,6.43,6.29,6.38,3.12,2888
6.39,6.5,6.34,6.42,2.2,2255
6.42,6.49,6.29,6.29,2.27,2161
6.29,6.36,6.15,6.23,2.78,2614
6.22,6.23,5.84,5.89,2.21,2349
5.86,5.96,5.85,5.86,1.16,1210
5.86,5.97,5.85,5.93,0.948,1105
5.98,6.52,5.92,6.52,17.46,12675
6.4,6.88,6.31,6.66,16.47,14287
6.52,6.68,6.3,6.6,8.3,7823
6.52,6.6,6.13,6.18,8.36,8150
6.11,6.2,5.77,5.81,5.24,5494
5.88,6.24,5.78,6.1,6.56,6342
6.01,6.16,5.97,6.12,4.85,4667
6.14,6.15,5.98,6.03,3.18,3151
6.06,6.63,6.03,6.63,7.75,6123
6.85,7.2,6.65,6.99,16.94,15932
6.85,6.97,6.73,6.86,9.52,8369
6.83,6.96,6.67,6.89,7.51,6773
6.76,6.76,6.47,6.63,5.3,5419
6.61,7.18,6.61,6.82,9.76,10783
6.77,7.35,6.66,7.2,12.26,13521
7,7.25,6.91,7.12,11.13,11586
7.04,7.47,7,7.16,10.77,11900
7.03,7.17,6.94,7.17,5.9,6518
7.13,7.38,7.01,7.13,8.05,8679
7,7.12,6.8,6.9,7.51,7741
6.86,6.98,6.6,6.63,5.33,5644
6.59,6.79,6.56,6.65,4.55,5062
6.63,6.63,6.44,6.56,3.23,3327
6.52,6.74,6.52,6.58,3.33,3516
6.6,6.61,6.2,6.41,2.85,4457
6.35,6.74,6.35,6.71,3.52,5193
6.72,6.73,6.54,6.69,2.77,3749
6.65,6.77,6.58,6.76,2.54,3355
6.71,6.79,6.52,6.63,2.37,3314
6.61,6.64,6.36,6.49,1.87,2988
6.41,6.44,6.05,6.06,3.64,5198
6.04,6.16,6.02,6.1,1.63,2492
6.1,6.36,6.1,6.22,2.12,3145
6.22,6.22,6.03,6.03,1.56,2412
6.04,6.23,5.98,6.19,1.64,2581
6.15,6.78,6.05,6.6,4.66,6188
6.59,6.97,6.14,6.7,9.02,13159
6.53,6.97,6.49,6.9,5.59,9328
6.8,6.93,6.69,6.69,4.01,6330
6.65,7.32,6.61,7.03,9.02,13598
6.95,7.23,6.9,7.05,7,10462
7.2,7.71,7,7.48,11.99,19847
7.25,7.29,7.01,7.01,8.6,14201
6.9,7.04,6.62,6.82,6.37,10278
6.79,7.19,6.71,6.97,8,13832
6.83,7.07,6.68,6.76,5.44,9453
6.67,6.87,6.56,6.72,3.77,6596
6.73,7.18,6.67,7.08,8.08,13269
6.98,7.34,6.81,7.29,8.75,14173
7.18,7.85,7.12,7.4,11.82,18414
7.3,7.62,7.26,7.4,7.23,12614
7.32,8.08,7.32,8.06,12.98,20315
8.02,8.7,7.8,8.35,15.3,25227
8.15,8.25,7.91,7.96,8.53,16204
7.98,8.1,7.73,8.06,6.87,12089
7.96,8.02,7.8,7.85,4.01,7402
7.93,8.39,7.87,8.28,9.23,15811
8.28,8.34,7.96,8.26,7.28,12893
8.2,8.59,8.08,8.11,7.62,13838
8.03,8.11,7.87,7.98,4.8,8604
7.98,8.48,7.88,8.42,7.66,13548
8.38,8.79,8.2,8.22,8.15,14119
8.29,8.35,8.08,8.17,4.09,7642
8.18,8.76,8.05,8.5,8.39,14552
8.41,8.58,8.35,8.54,5.79,8947
8.55,8.58,8.25,8.3,5.35,8348
8.25,8.34,8.08,8.22,4.05,6868
8.13,8.24,7.78,7.97,6.93,11308
8,8.09,7.84,8.03,4.06,7785
7.98,8.38,7.83,8.35,6.18,11860
8.3,8.39,8.07,8.19,4.48,8543
8.17,8.53,8.11,8.33,5.94,10851
8.28,8.34,8.13,8.21,3.17,6399
8.26,8.38,7.98,8.01,3.93,8124
7.96,8.4,7.92,8.3,4.26,7473
8.38,8.77,8.31,8.63,7.52,13011
8.58,8.78,8.42,8.73,6.12,11508
8.67,8.74,8.42,8.45,3.12,6321
8.58,9.17,8.57,9,7.36,15167
8.9,9.38,8.88,9.23,6.7,12556
9.24,9.32,8.82,9.1,5.31,11291
8.75,8.75,8.22,8.47,7.4,14116
8.41,8.56,7.88,8.05,7.12,15012
8.02,8.16,7.96,8.02,2.73,5223
8.1,8.3,8.1,8.29,3.31,6552
8.27,8.45,8.15,8.35,4.51,8327
8.3,8.6,8.1,8.52,5.55,10401
8.52,8.6,8.37,8.53,4.29,6930
8.81,8.84,8.38,8.4,8.29,15552
8.21,8.22,8.01,8.03,5.76,10986
7.97,8.11,7.91,8.07,2.35,4876
8.08,8.16,8.06,8.11,2.08,3874
8.11,8.17,8.05,8.13,1.86,3412
8.13,8.33,8.13,8.26,2.28,4297
8.34,8.69,8.34,8.51,4.27,7678
8.51,8.56,8.2,8.3,2.84,5441
8.23,8.77,8.23,8.69,6.31,10856
8.6,8.87,8.52,8.7,6.88,12129
8.65,8.68,8.45,8.49,3.18,5935
8.4,8.77,8.4,8.74,4.09,6766
8.68,8.74,8.47,8.47,3.73,6683
8.45,8.51,8.09,8.19,3.89,8000
8.19,8.39,8.15,8.36,3.14,5349
8.4,8.55,8.29,8.52,3.45,6339
8.48,9.17,8.48,8.79,9.65,16805
8.75,8.96,8.55,8.87,5.02,8711
8.89,9.06,8.72,8.82,4.2,7620
8.85,9.01,8.39,8.53,4.45,8212
8.49,8.59,8.37,8.46,1.98,4031
8.49,8.55,8.36,8.51,1.46,2860
8.35,8.35,7.66,7.69,7.89,15254
7.69,7.69,7.21,7.42,4.01,7154
7.42,7.54,7.36,7.45,1.99,3399
7.42,7.52,7.23,7.35,2.28,3950
7.39,7.46,7.21,7.23,1.43,2905
7.25,7.33,6.94,7.16,1.95,3514
7.21,7.4,7.1,7.39,3.26,4843
7.47,7.76,7.44,7.54,6.1,9007
7.42,7.45,7.19,7.31,5.12,8530
7.28,7.31,7.17,7.18,3.01,4673
7.2,7.29,7.1,7.24,2.41,4805
7.23,7.29,7.13,7.17,1.96,3547
7.13,7.13,6.76,6.79,2.59,5159
6.87,6.96,6.76,6.77,1.91,3034
6.82,6.98,6.81,6.94,1.87,3204
6.94,7.08,6.91,6.96,2.11,3384
6.9,6.91,6.6,6.74,1.89,3318
6.63,6.73,6.43,6.71,1.56,2870
6.7,6.88,6.68,6.79,1.74,2559
6.76,6.85,6.73,6.83,1.26,2142
6.81,6.91,6.79,6.83,1.42,2115
6.83,6.86,6.64,6.67,1.03,1837
6.62,6.72,6.54,6.55,0.996,1590
6.5,6.63,6.46,6.62,1.32,1824
6.62,6.66,6.52,6.65,1.02,1627
6.61,6.69,6.57,6.67,1.08,1698
6.69,6.84,6.67,6.78,1.93,2911
6.73,6.94,6.68,6.89,2.23,3529
6.9,6.9,6.58,6.59,1.82,2972
6.56,6.74,6.56,6.68,1.14,1855
6.67,6.76,6.55,6.55,1.7,2662
6.55,6.61,6.11,6.19,2.42,4005
6.17,6.25,6.03,6.21,0.92,1511
6.22,6.48,6.22,6.39,1.54,2418
6.49,6.6,6.39,6.55,2.03,3167
6.5,6.53,6.45,6.48,1.34,2230
6.53,6.86,6.44,6.79,3.3,5171
6.77,6.84,6.64,6.74,2.32,3611
6.74,6.88,6.69,6.78,1.8,2865
6.81,6.84,6.67,6.84,1.91,2616
6.78,6.81,6.58,6.64,1.45,2637
6.67,6.93,6.67,6.87,3.07,4695
6.88,7.05,6.75,6.96,4.86,7298
6.88,7.03,6.8,6.93,3.52,5114
6.93,7.15,6.92,7.09,3.77,5257
7.11,7.23,7.02,7.19,4.04,5637
7.15,7.18,7.01,7.04,3.26,4769
7.01,7.1,6.93,6.93,2.31,3475
6.95,7.07,6.93,7.04,1.7,2587
7.03,7.42,6.99,7.31,5.31,7275
7.31,7.38,7.12,7.21,3.53,4942
7.24,7.4,7.23,7.26,3.22,4682
7.23,7.34,7.17,7.28,2.33,3382
7.28,7.33,7.15,7.15,2.52,3529
7.14,7.3,6.98,7.17,2.87,4187
7.17,7.17,6.85,7.11,2.95,3946
7.03,7.64,7.03,7.46,6.3,7981
7.39,7.57,7.21,7.22,6.29,6311
7.2,7.47,7.13,7.15,4.2,4855
7.02,7.02,6.51,6.61,2.8,3941
6.65,6.85,6.63,6.69,1.92,2541
6.7,6.74,6.51,6.54,2.11,2913
6.55,6.66,6.48,6.59,1.09,1808
6.6,6.6,6.38,6.57,1.65,2093
6.52,7.08,6.47,6.74,4.53,5497
6.68,6.82,6.5,6.69,3.81,3584
6.6,6.66,6.02,6.02,3.14,4701
5.95,6.07,5.42,5.92,2.69,3962
5.95,6.04,5.78,6.02,2.13,2819
6.04,6.12,5.78,5.83,2.37,2708
5.84,5.99,5.7,5.94,1.95,2355
5.94,6.49,5.84,6.46,3.53,4605
6.3,6.55,6.27,6.3,4.35,4666
6.29,6.33,6.01,6.31,2.38,3517
6.23,6.4,6.12,6.3,2.25,2834
6.33,6.38,6.16,6.17,1.52,2026
6.11,6.15,5.74,5.91,1.6,2553
5.88,5.99,5.79,5.89,1.04,1532
5.89,6.07,5.89,6.05,1.39,1851
6.05,6.28,6.01,6.26,2.19,2857
6.27,6.4,6.14,6.15,1.99,2681
6.1,6.28,6.09,6.2,1.7,2198
6.19,6.34,6.18,6.32,2.01,2495
6.32,6.32,6.11,6.12,1.94,2365
6.07,6.27,6.07,6.13,1.51,1910
6.14,6.27,5.81,5.85,1.88,2563
5.85,6.01,5.72,5.99,1.81,2758
5.96,6.15,5.95,6.11,1.65,2363
6.11,6.25,6.05,6.21,2.45,3295
6.2,6.21,5.93,5.94,2.28,3252
5.92,5.98,5.82,5.91,1.38,1919
5.9,5.98,5.75,5.79,2.06,2376
5.78,5.83,5.6,5.72,1.46,2057
5.73,5.83,5.72,5.74,1.03,1353
5.79,5.94,5.76,5.92,1.86,2292
5.92,6.25,5.89,6.17,4.24,5200
6.1,6.47,6.08,6.3,4.19,5574
6.46,6.71,6.35,6.41,6.21,9095
6.32,6.48,6.2,6.29,4.06,5562
6.26,6.37,6.22,6.29,2.25,2987
6.3,6.31,6.14,6.23,2.25,2997
6.24,6.31,6.18,6.29,2.58,3139
6.3,6.49,6.24,6.43,3.19,3719
6.39,6.43,6.28,6.32,3.08,3276
6.31,6.43,6.24,6.28,2.87,3260
6.29,6.43,6.15,6.18,3.08,3184
6.16,6.46,6.14,6.4,2.76,3314
6.35,6.45,6.33,6.39,2.1,2264
6.42,6.5,6.31,6.46,2.82,3163
6.44,6.47,6.3,6.33,2.3,2638
6.33,6.39,6.17,6.23,2.3,2660
6.24,6.4,6.22,6.33,2.59,2579
6.33,6.44,6.29,6.4,2.56,2948
6.34,6.4,6.24,6.4,3.63,3598
6.4,6.45,6.29,6.33,2.05,2347
6.35,6.44,6.22,6.33,3.36,3701
6.28,6.76,6.19,6.53,6.71,7105
6.47,6.68,6.47,6.53,4.71,5195
6.56,6.98,6.55,6.79,7.73,8810
6.71,6.81,6.6,6.8,4.28,4940
6.79,6.84,6.67,6.74,3.65,3918
6.72,6.76,6.62,6.7,3.39,3774
6.68,6.88,6.6,6.79,5.75,6098
6.71,6.88,6.51,6.68,6.16,6387
6.63,6.71,6.58,6.65,2.78,3328
6.66,6.79,6.63,6.64,3.04,3252
6.67,6.86,6.56,6.8,4.89,5085
6.78,6.82,6.41,6.42,3.47,4301
6.45,6.48,6.3,6.41,2.44,2789
6.42,6.53,6.37,6.5,2.07,2492
6.5,6.79,6.4,6.78,5.71,6602
6.72,6.96,6.65,6.74,5.58,6168
6.72,6.95,6.63,6.78,5.13,6075
6.8,6.91,6.6,6.6,3.34,4368
6.66,6.71,6.52,6.65,2.26,2656
6.69,6.84,6.61,6.77,2.56,3135
6.77,6.86,6.68,6.84,3.24,3611
6.82,7.36,6.74,6.97,7.18,8560
6.93,7.67,6.91,7.67,12.38,13237
7.67,7.98,7.55,7.79,14.1,15966
7.5,7.75,7.37,7.46,8.94,10764
7.41,7.55,7.11,7.25,6.16,7511
7.6,7.98,7.6,7.98,5.62,4494
7.98,7.98,7.44,7.5,11.09,13053
7.5,7.76,7.33,7.63,7.69,9580
7.54,8.17,7.5,7.86,10.04,12633
7.8,7.8,7.23,7.29,6.31,8816
7.23,7.46,7.17,7.22,3.32,4517
7.31,7.37,6.88,7.1,4.64,5842
7.1,7.28,6.7,6.86,4.35,5367
6.74,6.95,6.17,6.43,5.63,6639
6.38,6.51,6.21,6.47,2.85,3881
6.38,6.53,6.28,6.33,1.88,3029
6.35,6.37,6.25,6.31,1.6,2250
6.36,6.52,6.35,6.41,2.16,3070
6.4,6.91,6.3,6.8,5.12,6699
6.73,6.89,6.55,6.56,4.38,6051
6.52,6.77,6.48,6.55,2.72,3801
6.47,6.82,6.34,6.66,3.97,5903
6.58,6.68,6.51,6.57,1.92,2919
6.5,6.75,6.36,6.67,3.08,4476
6.57,6.63,6.33,6.35,2.67,3608
6.31,6.55,6.3,6.43,2.49,3322
6.35,6.62,6.35,6.46,3.36,3956
6.5,6.98,6.46,6.89,6.95,9471
6.9,6.95,6.73,6.9,4.8,6108
6.86,6.97,6.81,6.87,3.2,4034
6.84,7.05,6.79,6.88,3.52,4744
6.9,7.16,6.79,6.81,4.63,6040
6.75,6.81,6.68,6.74,2.73,3610
6.77,6.84,6.71,6.78,2.15,2544
6.79,6.93,6.74,6.88,2.66,3565
6.89,7.04,6.85,6.92,3.4,4235
7.02,7.23,6.96,7.04,4.72,6370
6.7,6.78,6.34,6.34,6.15,8228
6.21,6.36,6,6.3,2.98,4818
6.34,6.51,6.3,6.36,3.29,4644
6.38,6.41,6.27,6.29,2.37,3331
6.27,6.45,6.26,6.39,2.37,3039
6.41,6.48,6.39,6.45,2.03,2966
6.49,6.54,6.43,6.47,1.97,2823
6.44,6.49,6.31,6.45,1.95,2996
6.43,6.6,6.41,6.51,2.59,4084
7,7.16,6.88,7.16,5.23,3983
7.88,7.88,6.96,7.07,15,16125
7.03,7.07,6.72,6.76,8.04,9483
6.78,6.89,6.69,6.88,4.32,5428
6.82,6.92,6.5,6.5,4.12,5726
6.46,6.76,6.46,6.65,3.97,5405
6.6,6.64,6.21,6.47,3.13,4684
6.48,7.12,6.4,7.12,7.94,10136
6.9,7.29,6.85,7.11,8.95,12743
7.1,7.48,7.02,7.16,7.91,12393
7.16,7.29,7.02,7.24,5.5,8368
7.2,7.26,7.04,7.1,4.48,6185
7.08,7.12,6.78,6.96,3.89,5676
6.96,7.29,6.95,7.15,4.85,6559
7.07,7.55,7.07,7.37,7.78,10605
7.29,7.32,6.89,7.02,4.9,7029
7,7.68,6.92,7.46,8.88,12092
7.38,7.72,7.35,7.46,8.85,11731
7.51,7.72,7.15,7.21,7.84,11127
7.17,7.42,7.07,7.32,5.36,7490
7.25,7.75,7.18,7.7,8.5,11455
7.63,7.76,7.53,7.71,7.45,8677
7.67,7.71,7.49,7.6,6.47,7864
7.63,7.84,7.37,7.4,6.5,9109
7.36,7.51,7.28,7.44,4.71,6494
7.59,7.7,7.16,7.2,7.03,10195
7.14,7.28,7.05,7.27,6,8667
7.21,7.38,7.13,7.34,5.86,7308
7.3,7.54,7.27,7.36,6.54,8269
7.35,7.45,7.26,7.3,6.09,8099
7.28,7.29,7.05,7.1,4.15,6155
7.08,7.16,6.94,6.98,3.35,5404
6.99,7.12,6.99,7.06,2.54,4030
6.66,6.79,6.5,6.62,5.81,7566
6.68,6.95,6.63,6.82,3.14,5013
6.82,7.06,6.81,7.02,4.41,6718
7,7.11,6.89,7.05,3.8,6208
7.03,7.19,6.97,7.16,4.11,6396
7.15,7.44,7.1,7.23,7.28,10685
7.3,7.39,7.14,7.31,5.67,7682
7.29,7.53,7.27,7.49,7.09,9288
7.55,7.57,7.37,7.44,6.07,8208
7.43,7.85,7.33,7.69,9.62,12997
7.65,7.74,7.38,7.42,5.62,7670
7.42,7.58,7.29,7.44,3.76,5060
7.48,7.83,7.42,7.66,6.91,9000
7.62,7.8,7.05,7.19,9.03,11226
7.11,7.23,6.94,7.14,4.3,5718
7.11,7.28,6.91,6.91,4.23,5574
6.8,6.97,6.68,6.91,3.38,4877
6.91,7.18,6.88,7.16,3.15,4541
7.1,7.18,7,7.12,2.46,3809
7.2,7.43,7.14,7.2,3.71,5991
7.2,7.37,7.13,7.36,3.2,4988
7.36,7.42,7.16,7.25,2.65,3796
7.25,7.25,6.82,6.88,2.55,4108
6.85,7,6.82,6.95,1.72,2718
6.93,6.97,6.62,6.78,2.68,3681
6.78,6.92,6.73,6.8,1.58,2416
6.77,6.9,6.75,6.86,1.58,2375
6.94,6.99,6.84,6.98,2.08,2772
6.97,7.08,6.97,7,2.02,2772
6.95,7.01,6.86,6.98,1.55,2370
6.99,7.06,6.82,6.85,2.3,3120
6.79,6.97,6.61,6.96,2.62,3928
6.9,6.96,6.84,6.92,1.94,2743
6.89,6.99,6.85,6.94,1.71,2389
6.92,7.09,6.92,7.03,2.49,3653
7.06,7.1,6.8,6.8,2.43,3156
6.74,6.79,6.3,6.4,3.24,5174
6.36,6.46,6.31,6.34,1.53,2370
6.35,6.46,6.32,6.45,1.29,1861
6.45,6.48,6.32,6.36,1.54,2183
6.36,6.45,6.35,6.4,1.19,1632
6.42,6.46,6.38,6.45,1.24,1527
6.4,6.48,6.35,6.46,2.17,2702
6.44,6.57,6.44,6.52,2.14,2631
6.55,6.57,6.5,6.53,1.69,2125
6.5,6.52,6.44,6.47,1.6,1903
6.45,6.54,6.44,6.51,1.04,1358
6.5,6.52,6.4,6.42,1.36,1735
6.42,6.85,6.4,6.79,6.4,7787
6.68,6.73,6.59,6.62,3.43,4068
6.63,6.67,6.53,6.58,1.39,1942
6.59,6.61,6.44,6.45,1.52,1915
6.47,6.52,6.3,6.37,1.64,2576
6.4,6.5,6.38,6.41,1.15,1624
6.41,6.42,6.3,6.3,0.974,1681
6.3,6.35,6.01,6.04,1.39,2194
6.06,6.11,5.87,5.88,1.24,1758
5.86,5.98,5.82,5.96,1.42,1316
5.96,5.99,5.92,5.97,0.914,1114
5.93,6.03,5.93,6,0.845,1106
6,6.11,5.99,6.04,0.845,1204
6.03,6.04,5.89,5.9,0.918,1229
5.9,6.03,5.9,5.94,0.888,985
5.94,5.96,5.63,5.76,1.48,2013
5.82,5.91,5.72,5.9,1.46,1870
5.91,5.96,5.85,5.93,1.24,1469
5.9,6.03,5.9,5.99,0.989,1312
5.97,6,5.77,5.77,0.997,1412
5.78,5.83,5.61,5.7,1.06,1414
5.7,6.27,5.64,6.16,3.29,4021
6.17,6.24,6.03,6.18,4.25,4314
6.18,6.4,6.06,6.15,3.17,3041
6.11,6.29,6.05,6.06,3.23,3302
6.04,6.05,5.87,6.03,2.19,2939
6.01,6.12,6.01,6.07,1.49,1927
6.07,6.12,5.96,5.99,1.28,1640
5.99,6.09,5.98,6.09,1.45,1840
6.1,6.1,5.97,5.97,0.94,1340
5.98,6.06,5.83,5.98,1.18,1595
5.95,6.07,5.93,6,0.917,1165
6,6.04,5.91,5.93,0.861,1063
5.93,6.04,5.93,6.02,1.14,1298
6.02,6.11,6.01,6.04,1.68,1961
6.06,6.09,6.02,6.04,0.812,1056
6.12,6.22,6.07,6.12,1.85,2456
6.08,6.13,6.06,6.11,1.14,1462
6.15,6.17,6.02,6.03,1.05,1562
6.06,6.11,6,6.1,1.3,1682
6.1,6.13,6.06,6.11,1.04,1262
6.11,6.17,6.08,6.12,1.31,1709
6.13,6.13,6,6,1.37,1637
6.05,6.05,5.68,5.78,1.41,2008
5.79,5.87,5.72,5.86,0.731,1111
5.84,5.95,5.84,5.9,0.872,1038
5.9,5.93,5.85,5.9,0.83,1105
5.91,5.91,5.81,5.83,0.779,955
5.86,6.08,5.84,6.02,2.24,2327
5.99,6.13,5.95,6.06,1.73,2025
6.04,6.1,6.01,6.06,1.53,1823
6.06,6.18,6,6.15,2.11,2407
6.11,6.24,6.11,6.22,2.73,2862
6.22,6.22,6.15,6.19,1.44,1716
6.18,6.25,6.14,6.16,1.48,1791
6.12,6.21,6.11,6.13,1.38,1415
6.16,6.2,6.11,6.18,1.11,1563
6.19,6.33,6.15,6.17,2.73,2874
6.14,6.21,6.09,6.12,1.5,1408
6.12,6.24,6.12,6.17,1.51,1458
6.13,6.25,6.12,6.23,2.07,1846
6.24,6.43,6.2,6.36,5.03,4788
6.33,6.48,6.29,6.36,2.93,3032
6.35,6.47,6.22,6.36,1.93,2170
6.34,6.42,6.24,6.27,1.22,1564
6.27,6.36,6.22,6.31,1.21,1300
6.31,6.43,6.24,6.35,1.7,1790
6.32,6.4,6.15,6.18,1.82,2059
6.18,6.26,6.15,6.24,1.36,1541
6.27,6.33,6.22,6.31,1.15,1423
6.32,6.47,6.28,6.43,2.86,2687
6.44,6.51,6.38,6.46,2.49,2503
6.48,6.52,6.41,6.49,2.02,2353
6.46,6.52,6.43,6.52,1.94,2033
6.48,6.75,6.47,6.56,4.12,4481
6.51,6.61,6.46,6.61,2.81,2630
6.6,6.89,6.56,6.77,4.16,4489
6.75,6.82,6.57,6.72,2.76,2697
6.72,6.81,6.62,6.63,3.04,2601
6.63,6.89,6.62,6.8,3.6,3370
6.77,6.95,6.74,6.84,3.55,3171
6.84,6.89,6.79,6.85,2.19,2000
6.85,6.87,6.66,6.74,2.45,2567
6.74,6.88,6.68,6.74,3.13,2889
6.76,6.82,6.72,6.78,1.75,1611
6.76,6.88,6.74,6.88,2.59,2506
6.87,6.95,6.8,6.91,3.02,2718
6.91,7.08,6.85,6.96,4.09,4030
6.96,6.98,6.84,6.9,2.36,2488
6.9,7.13,6.85,7.09,3.89,3626
7.05,7.24,7.02,7.03,3.03,3359
7,7,6.69,6.71,2.99,3513
6.71,6.83,6.7,6.81,1.58,1628
6.84,6.84,6.63,6.65,2.23,2339
6.65,6.86,6.64,6.82,2.27,1914
6.78,7.13,6.76,7,3.51,3661
6.96,7.05,6.92,7.01,2.64,3085
7.02,7.18,7.02,7.12,3.75,3977
7.15,7.2,7.07,7.12,3.67,3208
7.12,7.17,7,7.14,4.43,3718
7.13,7.18,7.05,7.15,3.09,2789
7.15,7.46,7.11,7.34,6.31,6063
7.31,7.45,7.18,7.24,4.35,4397
7.25,7.43,7.23,7.41,3.18,3361
7.44,7.48,7.28,7.39,3.72,3685
7.41,7.45,7.1,7.14,3.82,4382
7.18,7.35,7.09,7.31,3.16,3310
7.33,7.56,7.28,7.47,5.06,4595
7.48,7.66,7.39,7.59,4.5,4528
7.52,7.52,7.25,7.31,2.46,3321
7.31,7.74,7.27,7.65,4.63,5031
7.64,7.95,7.6,7.78,5.2,6272
7.7,8.28,7.68,8.05,8.28,9306
8.01,8.53,7.96,8.18,8.89,9429
8.27,9,8.17,9,13.18,13550
9.16,9.21,8.5,8.7,13.59,16397
8.55,8.88,8.55,8.83,7.61,9411
8.75,8.79,8.4,8.53,7.52,10790
8.52,8.63,8.36,8.54,4.93,6844
8.44,8.57,8.25,8.48,5.03,6319
8.5,8.68,8.37,8.47,4.78,7021
8.38,8.38,8.03,8.24,4.67,7055
8.2,8.38,8.09,8.18,2.75,4139
8.07,8.18,7.74,7.92,4.51,6212
7.91,8.1,7.86,8.06,3.07,3702
8.04,8.1,7.82,7.82,2.73,3716
7.78,7.92,7.7,7.83,3.43,3709
7.77,8,7.53,7.58,2.59,3803
7.55,7.87,7.52,7.83,3.47,4081
7.77,7.92,7.72,7.83,1.89,2404
7.88,8.06,7.85,8.02,2.92,4044
8.04,8.1,7.94,8.01,4.49,4721
8.03,8.17,7.94,8.03,4.13,4934
8,8,7.76,7.9,2.71,3813
7.88,8.14,7.85,8.07,3.51,4416
8.08,8.23,8,8.2,3.24,4805
8.17,8.51,8.14,8.4,4.69,6326
8.4,8.4,8.2,8.32,2.99,3983
8.33,8.56,8.15,8.19,5.35,5867
8.21,8.34,8.17,8.23,1.84,2267
8.23,8.23,7.62,7.64,3.8,5599
7.66,7.79,7.43,7.67,3.07,4273
7.62,7.88,7.42,7.71,5.16,5702
7.59,7.75,7.46,7.68,2.17,2940
7.68,7.88,7.53,7.72,2.54,3281
7.72,7.98,7.67,7.89,4.14,4720
7.89,8.19,7.84,8.1,4.59,5960
8.3,8.3,7.95,8.08,3.96,4911
8.23,8.68,8.08,8.46,7.95,10541
8.36,8.68,8.3,8.62,7.1,8652
8.57,9.3,8.57,9.12,9.87,11639
9.12,9.18,8.83,8.92,5.51,8379
8.98,9.63,8.92,9.13,6.53,9107
9.1,9.1,8.6,8.72,6.82,8956
8.76,8.91,8.52,8.56,4.53,6723
8.51,8.75,8.48,8.61,4.18,5406
8.75,9.47,8.6,9.47,8.88,10848
9.89,10.2,9.51,9.88,11.19,16212
9.74,9.84,8.89,9.38,9.48,13417
9.31,9.81,9.09,9.47,9.18,11820
9.37,9.7,8.52,8.58,10.28,15353
8.57,9.13,8.55,8.97,6.4,9169
8.98,9.87,8.98,9.87,11.44,17806
10.1,10.85,9.7,10.32,15.69,25134
10.28,10.69,9.89,10.37,9.15,16870
10.2,10.49,9.98,10.26,8.15,14268
10.17,10.26,9.88,10.11,5.35,9958
9.99,11.12,9.91,11.12,11.56,16153
11.27,11.3,10.6,10.99,14.89,21966
11.12,11.39,10.35,11.24,13.34,21260
10.96,10.96,10.12,10.36,7.7,13903
10.66,10.8,9.92,10.01,6.97,12476
10,10.3,9.9,10.16,5.06,8990
10.16,10.24,9.94,10.06,4.86,8521
9.95,10.01,9.2,9.41,7.73,13612
9.43,9.85,9.1,9.6,6.79,12006
9.5,9.54,9.2,9.35,4.02,7280
9.38,9.43,8.95,9.15,5.12,9018
9.15,9.6,9.01,9.6,5.96,10725
9.61,9.9,9.3,9.82,7.57,14006
9.69,9.93,9.5,9.51,5.21,9946
9.36,9.63,9.3,9.4,3.79,6723
9.37,9.67,9.22,9.65,4.53,7971
9.85,10.29,9.65,10.17,7.92,14422
10,10.08,9.75,9.85,4.73,9347
9.76,10.18,9.65,9.76,4.4,8769
9.7,10.13,9.62,9.99,5.54,10259
9.72,10.09,9.08,9.39,6.28,12097
9.34,9.68,9.34,9.66,4.11,7445
9.69,9.93,9.56,9.84,4.47,7626
9.99,10.49,9.9,10.25,8.18,14822
10.19,10.3,10,10.29,4.9,9957
11.32,11.32,11.32,11.32,0.101,135
12.45,12.45,12.45,12.45,0.087,188
13.7,13.7,13.7,13.7,0.234,337
15,15,12.33,12.33,16.21,31648
12.25,12.98,12.01,12.84,13.35,24756
12.85,13.45,12.4,13.17,11.75,22364
13.35,13.97,13.15,13.23,11.58,22145
12.9,13.11,12.5,13,8.53,16524
13.22,13.88,13.14,13.4,10.05,19972
13.4,14.65,13.09,14.02,11.56,22724
13.7,15.42,13.63,15.42,12.41,22595
15.98,16.28,15.15,15.39,12.05,26402
15.2,16.93,15.15,16.39,12.8,25997
16.71,17.39,16.41,16.93,9.21,21061
16.99,18.62,15.58,18.62,17.4,33542
18,20.4,17.64,19.53,15.66,28639
19.53,20.9,19.28,19.78,8.84,23996
19.6,20.77,19.1,20.58,10.28,24147
20.75,21.99,18.52,18.55,13.22,30709
18.39,19.3,17.4,17.52,12.4,24816
18.5,19.2,17.98,18.8,9,20670
18.7,19.74,18.4,19.5,8.2,20721
19.3,20.49,19.2,20,9.48,23166
19.9,20.1,18,19.1,7.99,21340
19.4,20.84,18.9,20.59,12.89,27622
21.22,22.6,20.6,21.4,10.25,23251
20.6,22.2,19.88,20.37,8.82,19741
20,20.88,19.28,20.3,5.43,13354
20.01,21.47,19.96,21.17,6.69,14833
21.7,22.6,20.8,22,7.97,17310
22.7,23.5,21.21,22.35,8.62,18134
22,22.1,20.12,20.12,7.15,16456
19.79,20.56,18.35,20.02,6.84,16015
19.84,20.69,18.05,18.09,4.51,11694
17.9,17.9,16.28,16.28,5.12,11344
16.23,16.55,14.68,15.95,7,12528
16.1,16.73,15.5,16.33,6.36,12036
16.5,16.78,15,15.5,6.21,13546
14.6,14.95,13.95,13.95,4.18,9122
14.3,14.32,12.56,12.56,4.62,8506
11.58,13.22,11.3,13.21,9.73,16058
12.91,13.29,11.89,11.89,9.78,20709
11.66,11.7,10.7,10.7,9.8,13531
11.77,11.77,11.4,11.55,20.65,26887
10.4,11.79,10.4,10.97,13.66,23975
10.94,12.07,10.94,11.92,15.65,24133
11.8,12.5,11.54,12.14,14.69,26638
11.8,12.98,11.68,12.69,14.17,27147
12.59,13.96,12.34,13.96,19.65,32853
14,14.92,13.7,14.28,22.26,44489
13.92,14.18,13.11,13.44,17.38,43144
12.83,13.85,12.1,12.1,11.59,27228
11.09,12.18,10.89,11.02,11.78,25244
11.55,11.9,10.68,11.9,9.67,20966
11.81,12.07,11,11.08,8.91,20920
10.7,11.5,10.47,11,6.85,15980
10.78,10.96,9.9,9.98,6.67,15044
9.94,10.98,9.93,10.97,7.84,16262
10.96,11.52,10.69,11.13,10.13,21855
10.77,11.34,10.7,11.05,7.01,15205
11.23,11.93,11.15,11.8,9.6,20971
12.09,12.57,11.9,12.33,10.36,23332
12.08,12.7,11.93,12.41,11.34,24666
12.12,12.45,11.6,11.6,7.75,16960
11.6,12,11.41,11.98,6.07,13422
12.2,12.43,12,12.28,8.17,17492
12.13,12.75,11.76,12.71,9.45,19388
12.7,12.75,11.44,11.44,9.19,19743
10.7,11.7,10.3,11.48,8.16,16929
11.1,11.5,10.7,10.7,5.19,11370
10.51,10.9,10,10.02,5.1,11523
9.5,9.75,9.02,9.02,3.14,6521
8.12,8.36,8.12,8.12,3.92,6344
8,8.39,7.31,7.31,8.81,14598
7.33,7.7,6.8,7.57,7.14,10493
7.7,8.27,7.51,8.24,8.54,12927
8.18,8.18,7.42,7.43,7.41,11271
7.1,7.22,6.69,6.73,6.82,10428
6.3,6.97,6.26,6.28,6.44,10050
6.5,6.88,6.46,6.7,6.28,10181
6.61,7.37,6.53,7.26,6.94,11076
7.26,7.64,7.26,7.57,9.47,14591
7.4,7.86,7.32,7.59,8.18,12867
7.52,7.68,7.33,7.58,5.98,9195
7.58,7.64,6.82,6.82,5.42,8856
6.5,6.74,6.14,6.14,5.88,8461
6.19,6.75,6.12,6.75,7.72,9668
6.73,7.31,6.54,6.75,9.78,12780
6.82,7.1,6.66,7.04,8.08,11433
6.85,7.45,6.81,7.37,8.62,12133
7.38,7.6,7.12,7.37,9.23,13379
7.14,7.47,7.08,7.31,7.28,9941
7.32,7.88,7.31,7.68,8.97,12775
7.54,7.65,7.13,7.36,8.36,11863
7.25,7.75,7.07,7.61,7.48,10522
7.4,7.62,7.31,7.45,5.93,9115
7.54,7.56,7.16,7.24,5.25,7642
7.49,7.77,7.36,7.7,8.6,11278
7.69,8.23,7.61,8.08,11.06,15252
8.07,8.89,8.01,8.8,14.4,19841
8.63,9.08,8.55,8.8,8.25,14518
8.88,8.97,8.4,8.52,9.08,15727
8.5,9.1,8.45,9.08,10.6,15824
9.08,9.1,8.63,8.98,10.76,16977
8.96,8.96,8.55,8.67,9.54,13931
8.71,9.06,8.68,9,11.92,15881
9.9,9.9,9.7,9.9,8.62,6660
9.9,10.85,9.75,10.15,24.32,43854
9.55,9.94,9.14,9.15,14.21,29120
9.45,10.07,9.41,10.07,5.44,8311
10.49,10.75,9.98,10.49,21.3,44110
10.14,10.49,10.1,10.2,14.65,30823
10.15,10.49,10.15,10.38,11.76,22639
10.17,10.48,9.84,10.31,10.64,21854
10.45,10.89,10.22,10.42,12.7,25720
10.21,10.38,10.1,10.36,9.71,18561
10.45,11.3,10.16,10.85,16.08,32090
10.6,11.09,10.3,10.74,12.94,24013
10.75,11.27,10.33,11.11,10.9,20334
11.22,11.3,10.77,10.83,11.92,23227
10.65,10.75,10.21,10.33,8.95,17667
10.39,10.57,10.22,10.5,6.08,11877
10.45,10.62,10.36,10.48,6.39,12176
10.41,10.69,10.35,10.39,6.52,12213
10.34,10.64,10.12,10.62,5.78,12260
10.55,11.2,10.5,10.95,11.4,21582
11.04,11.29,10.75,10.97,9.99,19366
10.81,11.1,9.87,9.88,8.69,17409
9.88,10.16,9.14,9.95,6.68,11563
9.98,10.27,9.75,10.03,5.45,10340
10.12,10.3,9.4,9.86,4.53,9497
9.8,10.15,9.7,10.1,4.77,8875
10.09,11.11,9.97,11.11,10.09,16009
11.2,11.98,10.75,11.5,18.33,33848
11.3,11.4,10.87,11.03,10.07,21625
10.78,10.96,10.43,10.64,7.47,14567
10.65,11.37,10.53,10.79,9.93,18212
10.62,10.75,10.11,10.29,6.87,14431
10.06,10.6,9.95,10.6,5.03,10465
10.53,11.1,10.52,10.8,6.1,13366
10.75,10.98,10.5,10.75,6.56,12717
10.96,11.8,10.81,11.43,12.98,25484
11.3,12.44,11.22,11.91,13.19,26838
11.86,12.58,11.5,12.49,13.27,28562
12.3,12.58,12.1,12.29,9.88,22885
12.15,12.15,11.5,11.52,11.71,26351
11.5,12.48,11.48,11.95,12.42,27231
11.8,11.89,11.52,11.77,7.44,16832
11.75,11.78,11.01,11.01,8.35,20980
10.98,11.23,10.85,11.15,4.83,10681
11.1,11.5,11.06,11.38,5.21,12025
11.3,11.42,10.96,10.97,4.31,10102
10.9,11.09,9.87,9.87,3.57,8515
9.05,9.71,8.88,9.28,6.3,14574
9.38,9.5,9.01,9.43,5.24,10288
9.19,9.24,8.49,8.49,1.3,2546
8.65,8.77,7.86,8.48,5.54,11443
8.34,8.67,7.63,7.65,5.59,10604
7.7,7.96,7.63,7.83,3.63,7088
7.9,8.05,7.28,7.33,3.49,7106
7.12,7.85,7.02,7.76,4,7954
7.68,7.85,7.22,7.32,4.31,8100
7.07,7.75,7.07,7.71,3.91,7629
7.61,8.05,7.56,8,4.57,8226
8.1,8.7,8.01,8.19,6.73,14669
7.98,8.24,7.55,7.6,4.95,10328
7.75,7.9,7.41,7.9,3.42,7409
8,8.36,7.86,8.27,4.41,8396
8.11,8.33,7.5,7.55,5.34,9744
7.66,8.18,7.1,8.09,6.2,10721
8,8.44,7.66,7.73,8.03,15791
7.66,8.1,7.2,7.86,6.25,13337
7.7,7.88,7.25,7.43,3.85,8385
7.44,7.83,7.44,7.76,3.78,7676
7.61,7.71,7.33,7.63,4.07,7793
7.62,8.1,7.62,7.96,5.72,11196
7.95,8.05,7.76,7.96,4.87,9144
7.64,8.08,7.54,8.01,4.06,7963
8.1,8.43,8.08,8.38,6.23,10965
8.27,8.47,8.17,8.42,6.35,10595
8.43,8.47,8.25,8.29,4.87,8691
8.23,8.38,8.11,8.22,4.33,7455
8.14,8.68,7.92,8.65,13.14,22414
8.47,8.5,8.11,8.31,8.05,14741
8.2,8.27,7.93,8.18,6.22,11445
8.12,8.15,7.36,7.36,6.16,10584
7.36,7.44,6.96,7.13,4.8,8209
7.16,7.19,6.42,6.51,4.58,8076
6.55,6.85,6.4,6.71,3.96,7242
6.67,7.09,6.62,7.04,4.44,7480
7.03,7.34,6.97,7.1,5.48,8498
7.01,7.12,6.56,6.73,4.85,7738
6.85,7.05,6.8,7.01,3.69,6233
6.98,7.07,6.52,7.06,4.11,7436
6.9,7,6.74,6.91,3.18,4738
6.9,7.13,6.78,6.8,2.95,5019
6.75,6.99,6.69,6.9,2.45,4813
6.99,7.23,6.97,7.12,3.7,6674
7.1,7.17,7.01,7.03,2.37,3730
7.11,7.18,6.91,6.98,2.88,4220
6.97,7.4,6.97,7.31,6.02,9533
7.43,7.87,7.33,7.62,6.83,8849
7.66,7.94,7.5,7.9,6.55,7680
7.75,7.82,7.66,7.71,5.35,6847
7.62,7.78,7.61,7.72,4.7,6090
7.71,7.75,7.47,7.48,4.28,6416
7.48,7.62,7.41,7.58,3.06,4378
7.63,7.76,7.49,7.61,3.93,6610
7.56,7.62,7.23,7.3,3.09,5834
7.41,7.68,7.34,7.63,3.15,5581
7.66,7.83,7.64,7.7,3.91,6703
7.68,7.76,7.42,7.75,2.89,5652
7.73,8.18,7.67,8.08,5.59,10486
8,8.29,7.94,8.11,4.38,6479
8.14,8.18,7.86,7.88,2.9,4848
7.83,8,7.79,7.9,2.3,4768
7.93,8.13,7.93,8.07,3.18,5688
8.02,8.09,7.85,7.94,2.51,5324
7.95,8.33,7.95,8.26,5.44,7727
8.22,8.57,8.2,8.51,4.82,8040
8.45,8.5,8.33,8.4,3.98,5328
8.24,8.34,8.13,8.2,3.26,5533
8.3,8.31,8.05,8.17,2.61,3625
8.2,8.25,7.35,7.55,5.98,9446
7.46,7.8,7.43,7.58,3.94,7603
7.45,7.73,7.38,7.6,3.06,4024
7.51,7.56,7.24,7.4,2.79,4090
7.52,8.14,7.52,8.14,10.21,15064
7.96,8.19,7.93,7.95,7.57,12932
7.91,8.16,7.77,8.1,8.42,12322
8.02,8.11,7.95,7.97,4.07,6249
8.01,8.22,7.95,8.2,6.19,9589
8.11,8.38,8.1,8.23,6.39,9731
8.16,8.27,8.05,8.21,4.1,6131
8.23,8.36,7.72,7.77,5.53,8852
7.61,7.61,7.12,7.23,4.92,8072
7.23,7.31,7.16,7.22,2.22,4628
7.28,7.31,7.03,7.07,2.73,3923
6.9,6.98,6.79,6.96,2.9,4207
6.95,7.07,6.79,6.85,2.25,3425
6.86,7.09,6.86,7.08,2.5,3949
7.1,7.19,7,7.11,2.46,4036
7.03,7.03,6.68,6.79,3.27,5016
6.77,6.94,6.77,6.82,2.03,3233
6.78,6.97,6.7,6.95,2.58,3659
6.95,7.17,6.91,7.09,2.29,3417
7.1,7.1,6.93,6.99,2.01,2820
7.1,7.14,6.96,7.01,1.81,2536
7.01,7.05,6.73,7.01,2.67,3933
6.96,7.1,6.92,6.99,1.83,2502
6.95,7.08,6.83,6.96,1.97,3306
6.9,7.35,6.9,7.33,3.64,5498
7.37,7.38,7.3,7.32,3.02,4012
7.4,7.52,7.32,7.38,3.12,4808
7.41,7.58,7.38,7.43,4.25,5560
7.45,7.54,7.4,7.47,2.45,3725
7.48,7.62,7.37,7.6,2.99,3940
7.55,7.78,7.52,7.74,3.24,4578
7.59,7.7,7.2,7.22,3.63,6025
7.22,7.29,7.11,7.19,1.89,2790
7.1,7.57,7.1,7.49,2.97,3932
7.45,7.73,7.45,7.54,3.37,4175
7.6,7.75,7.52,7.59,2.33,3482
7.62,7.78,7.35,7.69,2.94,4082
7.7,7.84,7.61,7.66,3.09,4462
7.61,7.84,7.57,7.84,3.01,3833
7.78,7.87,7.71,7.78,2.24,2897
7.78,7.85,7.28,7.6,3.3,4460
7.52,7.8,7.52,7.75,2.8,3504
7.71,8.16,7.66,8.09,6.01,7613
8.06,8.21,7.94,8.09,4.57,5819
8.1,8.2,8.02,8.19,3.22,4449
8.21,8.26,8.05,8.09,2.15,3428
8.1,8.24,8.01,8.15,3.22,4673
8.15,8.35,8.12,8.26,4.63,5694
8.2,8.35,8.12,8.28,4.18,4547
8.28,8.34,8.1,8.19,3.54,4041
8.17,8.97,8.13,8.65,7.91,10870
8.65,8.8,8.38,8.42,6.42,10636
8.28,8.37,8.08,8.32,5.47,8162
8.3,8.41,8.18,8.37,4.7,6010
8.36,8.38,8.26,8.3,2.32,3257
8.38,8.47,8.28,8.39,3.23,4947
8.39,8.39,8.22,8.28,2.14,3302
8.35,8.44,8.21,8.42,2.27,3041
8.37,8.63,8.37,8.48,2.75,4592
8.45,8.56,8.42,8.43,1.94,3265
8.45,8.46,8.26,8.26,2.14,3269
8.22,8.33,8.15,8.26,1.33,2034
8.24,8.32,8.22,8.3,2.29,2394
8.28,8.3,7.68,7.72,4.09,5846
7.72,7.78,7.56,7.69,1.98,4795
7.65,7.72,7.49,7.51,2.28,3482
7.52,7.52,7.18,7.29,2.91,3843
7.3,7.44,7.27,7.43,1.55,2632
7.42,7.51,7.34,7.45,1.59,2269
7.39,7.57,7.36,7.57,1.98,2257
7.61,7.61,7.38,7.4,2.03,2366
7.39,7.59,7.3,7.59,2.47,3055
7.6,7.71,7.54,7.68,2.16,2693
7.67,7.69,7.56,7.59,1.78,2291
7.54,7.61,7.44,7.45,1.31,2155
7.47,7.56,7.45,7.53,1.36,1832
7.53,7.77,7.5,7.73,2.66,3898
7.73,7.96,7.7,7.88,2.63,3988
7.88,7.91,7.75,7.8,2.27,3205
7.83,7.99,7.81,7.84,2.32,3525
7.85,7.92,7.7,7.73,3.43,3321
7.76,7.79,7.57,7.58,3.42,4641
7.6,7.75,7.6,7.74,2.28,3469
7.73,7.81,7.7,7.76,1.73,2663
7.72,7.88,7.62,7.78,3.37,5141
7.85,8.05,7.84,7.9,5.07,7175
7.89,8.2,7.87,8.12,4.59,7542
8.13,8.16,8.01,8.05,2.89,4917
8.07,8.12,7.95,8.02,3.57,4778
8.03,8.07,7.97,7.97,2.53,3584
7.97,8.13,7.9,8.13,3.72,5636
8.13,8.17,8.07,8.1,2.38,3708
8.08,8.25,7.97,8.24,4.11,5441
8.24,8.28,8.17,8.17,3.36,4502
8.19,8.35,8.11,8.3,3.17,4452
8.29,8.45,8.2,8.21,3.31,4613
8.08,8.08,7.85,7.86,3.92,5839
7.92,8.07,7.86,8.06,2.83,4588
8.02,8.18,7.94,8.06,2.47,3912
8.05,8.31,8.05,8.3,2.96,4532
8.28,8.31,8.15,8.23,2.46,4072
8.19,8.45,8.19,8.33,4.14,6473
8.35,8.43,8.26,8.36,2.4,3833
8.37,8.39,8.21,8.25,2.2,3112
8.25,8.52,8.15,8.17,4.44,6676
8.19,8.42,8.05,8.41,3.5,5535
8.39,8.71,8.33,8.53,6.48,9392
8.53,8.59,8.44,8.57,3.08,4320
8.55,8.8,8.51,8.65,4.02,6871
8.75,8.87,8.68,8.74,4.09,6116
8.7,9.16,8.67,9.08,6.05,8895
9.02,9.43,8.9,9.37,7.4,12817
9.3,9.57,9.17,9.19,6.03,11657
9.23,9.28,9.07,9.22,3.53,6765
9.05,9.15,8.81,8.84,6.09,10023
8.82,9.05,8.79,9.04,3.96,6295
9.04,9.2,8.87,9.06,4.71,8154
9.01,9.06,8.89,8.95,3.08,5763
8.98,9.12,8.86,9.02,3.58,5710
8.96,9.08,8.88,9.02,3.28,5666
9.03,9.04,8.9,8.98,2.51,4322
8.98,9.2,8.93,9.1,3.86,6290
9.05,9.19,8.96,9.17,2.54,4679
9.14,9.23,8.98,9,2.72,5195
8.93,8.93,8.57,8.78,4.45,7239
8.74,8.86,8.7,8.84,2.2,3474
8.82,8.84,8.63,8.64,2.52,4264
8.65,8.8,8.62,8.71,2.18,3029
8.73,8.79,8.66,8.68,1.69,2926
8.72,8.83,8.68,8.73,2.28,3683
8.76,8.94,8.74,8.89,2.52,3978
8.9,9.08,8.7,8.94,4.35,7178
8.99,9.5,8.96,9.34,5.81,10517
9.33,9.44,9.19,9.36,3.79,7174
9.3,9.64,9.24,9.31,3.93,6884
9.31,9.52,9.22,9.42,3.06,5176
9.46,9.52,9.36,9.37,2.47,4174
9.3,9.37,9.12,9.23,2.97,4726
9.18,9.57,9.18,9.4,3.52,5515
9.39,9.64,9.25,9.6,4.86,7890
9.52,9.74,9.45,9.56,3.5,5970
9.56,9.6,9.27,9.27,3.22,5205
9.25,9.42,9.09,9.12,3.34,5814
9.12,9.18,8.88,9.14,2.82,4711
9.3,9.32,9.2,9.21,2.67,4838
9.21,9.3,9,9,2.65,5023
9,9.14,8.91,8.99,1.79,3697
9.07,9.09,8.91,8.99,1.72,2853
8.97,9.1,8.81,8.91,2.12,3390
8.76,9.03,8.71,8.87,1.81,2697
8.92,8.97,8.86,8.9,1.18,2290
8.89,9.14,8.89,9.13,2.06,3176
9.18,9.19,8.96,8.96,1.69,2873
8.96,9.09,8.9,8.97,1.3,2548
8.95,9.63,8.94,9.09,8.85,14490
8.9,8.93,8.18,8.49,7.39,11586
8.33,8.49,8.26,8.3,4.02,7299
8.27,8.55,8.26,8.51,3.05,5414
8.48,8.76,8.44,8.61,3.27,5688
8.6,9.47,8.46,9.47,7.4,8975
9.46,9.68,9.25,9.3,12.02,19677
9.34,10.23,9.34,9.78,18.12,31171
9.63,9.78,9.41,9.55,9.26,17243
9.65,10.24,9.61,9.77,12.86,26539
9.7,10.12,9.28,10.01,9.51,18581
9.98,9.98,9.6,9.73,7.53,15317
9.62,9.87,9.55,9.77,5.19,9403
9.69,9.79,9.6,9.63,3.67,6640
9.66,9.66,9.35,9.48,4.95,8680
9.45,10.14,9.45,9.78,7.75,14403
9.76,10.05,9.65,9.95,7.2,14062
10.05,10.95,9.98,10.6,17.41,35195
10.3,10.51,10.2,10.47,9.41,19354
10.38,10.64,10.25,10.4,6.47,14699
10.3,10.3,10,10.04,7.5,14497
10.08,10.36,9.91,9.91,7.1,15652
9.79,10,9.76,9.91,4.83,10447
9.85,10.08,9.58,9.68,5.03,10267
9.49,9.6,8.71,9.04,7.88,14337
8.9,9.23,8.66,9.12,5.36,10164
9.12,9.88,9.02,9.55,7.27,13376
9.4,9.44,9.11,9.16,4.52,9053
9.04,9.58,9.04,9.31,4.12,8582
9.35,9.73,9.35,9.66,4.67,9217
9.65,9.71,9.47,9.61,3.45,6439
9.6,9.74,9.51,9.62,3.45,6035
9.6,9.72,9.56,9.69,2.68,4597
9.75,10.01,9.63,9.84,5.12,10632
10,10.2,9.83,9.86,7.25,15413
9.88,10.1,9.72,10.06,7.28,16580
9.95,10.03,9.8,9.99,4.3,10022
9.92,10.03,9.89,9.94,3.93,8599
9.91,9.93,9.71,9.74,4.53,9576
9.65,9.89,9.52,9.89,4.07,8519
9.82,9.85,9.71,9.78,2.42,5286
9.73,9.78,9.4,9.46,3.59,7726
9.39,9.6,9.39,9.57,2.62,5089
9.53,9.53,9.18,9.23,3.96,8143
9.16,9.38,9.16,9.35,2.5,4604
9.43,9.54,9.32,9.51,2.97,5739
9.49,9.57,9.4,9.47,2.52,5302
9.45,9.5,9.25,9.36,2.85,5509
9.36,9.46,9.32,9.45,2.39,5024
9.46,9.46,9.25,9.26,3.28,6376
9.21,9.33,9.2,9.31,1.91,4853
9.33,9.44,9.26,9.39,2.74,5173
9.38,9.59,9.23,9.45,5.04,9532
9.39,9.43,9.22,9.32,3.07,8179
9.3,9.54,9.28,9.46,3.32,5939
9.48,9.78,9.48,9.7,7.38,15481
9.67,9.67,9.5,9.58,3.59,7458
9.58,9.59,9.31,9.34,3.22,6715
9.34,9.37,9.22,9.23,2.47,6640
9.23,9.3,8.96,9.29,2.84,9073
9.3,9.31,9.09,9.11,2.39,5190
9.11,9.11,9,9.04,2.23,5579
9.09,9.24,9.08,9.2,1.9,4027
9.2,9.27,9.01,9.04,2.1,4377
9.01,9.19,9,9.18,2.21,6315
9.15,9.19,9.07,9.11,1.42,3178
9.05,9.13,9.01,9.03,1.72,3250
9.06,9.14,8.86,8.94,2.38,5059
8.91,8.99,8.69,8.78,3.57,7088
8.74,8.84,8.65,8.78,2.83,5803
8.77,8.81,8.7,8.76,1.51,3628
8.77,8.8,8.55,8.55,2.62,5917
8.53,8.58,8.21,8.21,3.48,7516
8.15,8.33,8.15,8.27,1.84,6515
8.28,8.47,8.19,8.46,2.16,4314
8.43,8.54,8.41,8.43,1.47,3324
8.41,8.48,8.37,8.43,1.24,2539
8.38,8.4,8.05,8.05,3.23,6889
8.06,8.18,8,8.18,2.18,4632
8.18,8.19,8.02,8.05,1.97,3618
8.08,8.44,8.05,8.27,3.11,5826
8.2,8.22,8.04,8.04,2.16,4638
8.04,8.04,7.62,7.75,2.65,5670
7.73,7.8,7.56,7.57,1.62,3241
7.53,7.55,7.17,7.37,2.71,4513
7.34,7.41,7.2,7.32,1.57,4417
7.33,7.39,7.25,7.3,1.24,3036
7.3,7.3,6.94,6.95,2.02,4567
7,7.1,6.97,7.03,1.21,2288
7.04,7.1,7.01,7.04,1.04,1836
7.04,7.2,6.82,7.16,2.37,3716
7.12,7.22,7.1,7.21,1.39,2598
7.18,7.26,7.13,7.24,0.977,2127
7.24,7.29,7.17,7.26,1.18,2136
7.25,7.41,7.15,7.27,1.87,3726
7.18,7.32,7.05,7.07,1.7,3395
7.05,7.07,6.91,6.94,0.998,2298
6.94,7.07,6.88,7.04,0.956,2008
7.06,7.16,6.88,6.89,1.22,2286
6.87,6.89,6.52,6.76,2.04,3279
6.71,6.77,6.64,6.71,0.977,1985
6.69,6.93,6.69,6.79,1.42,2746
6.79,7.01,6.62,7,1.65,2821
6.96,7.08,6.95,6.98,1.32,2738
6.93,7.02,6.92,6.98,1.25,2380
6.97,7.01,6.91,6.96,0.838,1530
6.98,6.98,6.7,6.72,1.23,2412
7.39,7.39,6.98,7.09,10.11,15889
7.01,7.03,6.38,6.38,8.1,11452
6.27,6.38,6.19,6.26,3.97,6024
6.23,6.35,6.19,6.26,2.75,4059
6.14,6.2,5.95,6.01,3.51,5472
6.01,6.04,5.84,5.9,2.45,3473
5.88,5.96,5.84,5.95,1.47,2029
5.95,6.07,5.92,6.03,2.03,2896
6.01,6.11,5.99,6.04,1.46,2261
6.03,6.09,6.01,6.05,1.2,1536
6.06,6.06,6.01,6.02,1.14,1644
6.03,6.03,5.87,5.89,1.62,2561
5.9,5.97,5.88,5.93,1.42,2180
5.9,5.98,5.88,5.95,1.38,1954
5.94,6.14,5.91,6.05,2.83,3783
6.02,6.03,5.48,5.55,3.74,5405
5.55,5.55,5.35,5.45,2.54,6186
5.44,5.51,5.38,5.41,2.06,2372
5.43,5.48,5.38,5.45,1.63,1992
5.43,5.47,5.3,5.3,1.51,2215
5.29,5.39,5.22,5.37,1.2,1532
5.33,5.52,5.32,5.38,1.62,2222
5.35,5.49,5.35,5.49,1.15,1635
5.47,5.51,5.4,5.45,1.09,1548
5.45,5.47,5.41,5.42,0.88,1273
5.39,5.5,5.38,5.45,0.934,1204
5.45,5.46,5.25,5.27,1.81,2266
5.28,5.29,4.95,5,2.19,2970
5.01,5.09,4.97,5.05,1.41,1743
5.07,5.16,5.05,5.09,1.66,1873
5.09,5.2,5.05,5.15,1.29,1695
5.14,5.2,5.12,5.19,1.14,1578
5.5,5.71,5.5,5.71,2.73,2182
5.9,5.99,5.7,5.84,10.94,18129
5.65,6.15,5.6,6,8.29,16798
5.88,6.09,5.81,6.03,6.36,11289
5.99,6.01,5.71,5.79,4.37,7589
5.76,5.81,5.67,5.79,3.77,5666
5.79,6.08,5.76,5.93,6.04,9826
5.85,5.89,5.67,5.76,4.08,6864
5.68,5.84,5.63,5.73,3.1,4980
5.81,6.3,5.8,6.3,10.78,18285
6.24,6.89,6.08,6.72,14.6,27593
6.57,6.64,6.25,6.32,9.76,21152
6.26,6.49,6.1,6.4,7.51,15066
6.26,6.33,6.15,6.19,4.5,8157
6.23,6.28,6.12,6.25,3.96,7111
6.18,6.36,6.13,6.27,5.43,10025
6.23,6.24,6.14,6.16,3.39,6718
6.18,6.45,6.13,6.39,6.45,11995
6.4,6.45,6.19,6.23,3.78,7104
6.27,6.27,5.95,5.96,5.43,10632
5.9,5.94,5.62,5.69,5.12,9176
5.59,5.76,5.58,5.7,2.28,3859
5.7,5.7,5.52,5.58,3.01,4746
5.51,5.58,5.26,5.28,2.87,5013
5.27,5.4,5.22,5.36,1.97,3109
5.38,5.6,5.32,5.54,3.65,5979
5.5,5.59,5.46,5.5,1.72,2845
5.5,5.55,5.41,5.42,1.95,2814
5.43,5.77,5.36,5.69,3.98,6477
5.74,5.92,5.66,5.77,4.34,6870
5.63,5.78,5.54,5.7,3.04,5056
5.66,5.75,5.63,5.66,2.23,3361
5.71,5.83,5.6,5.76,2.33,3381
5.76,5.83,5.59,5.73,2.84,4341
5.7,5.73,5.54,5.58,1.89,3105
5.31,5.32,5.03,5.11,3.67,5653
5.12,5.17,4.7,4.73,2.45,4362
4.73,4.8,4.5,4.76,1.6,2686
4.9,5.16,4.81,4.84,3.72,6115
4.5,4.65,4.36,4.36,3.46,5754
4.45,4.6,4.36,4.51,3.04,4423
4.52,4.65,4.47,4.55,2.46,3454
4.37,4.54,4.31,4.4,2.69,3562
4.4,4.84,4.4,4.84,1.39,1385
5.32,5.32,4.99,5.06,9.1,10355
5.01,5.01,4.55,4.7,6.92,8273
4.78,4.93,4.71,4.77,3.54,4670
4.72,5.17,4.7,5,5.32,7699
4.95,5.23,4.89,5.12,5.34,7526
5.05,5.08,4.97,5.02,3.65,4978
4.93,5.04,4.93,5,2.03,2945
4.98,5.11,4.95,5.09,2.68,3612
5.05,5.24,5.02,5.12,3.84,5015
5.06,5.1,4.97,5.04,2.69,3535
5.06,5.2,5,5.16,3.89,4999
5.11,5.24,5.07,5.07,3.47,4227
5.05,5.1,5.02,5.07,2.03,2567
5.07,5.38,5.05,5.24,4.78,5546
5.18,5.32,5.15,5.26,3.81,4426
5.23,5.64,5.23,5.34,6.07,8493
5.28,5.32,5.16,5.16,3.09,5049
5.13,5.14,5.04,5.08,1.96,3282
5.08,5.15,5.07,5.08,1.52,1894
5.1,5.19,5,5.07,1.81,2478
5,5.17,4.96,5.09,2.29,2750
5.1,5.22,5.07,5.09,3.07,3755
5.08,5.27,4.98,5.12,3.05,3819
5,5.31,4.8,4.9,6.4,8145
4.76,4.76,4.41,4.73,4.25,5174
4.73,4.87,4.7,4.83,2.47,3388
4.8,4.85,4.74,4.82,1.88,2359
4.86,4.89,4.81,4.87,1.88,2043
4.89,4.97,4.87,4.94,1.77,2100
4.97,5,4.89,4.91,2.04,2829
4.8,4.87,4.77,4.8,1.76,2174
4.81,4.88,4.79,4.8,1.67,1985
4.76,4.83,4.67,4.74,1.45,1814
4.76,4.79,4.61,4.67,1.86,2752
4.7,4.75,4.67,4.73,1.32,1585
4.74,4.81,4.7,4.7,1.46,1674
4.74,4.76,4.67,4.69,1.09,1145
4.63,4.68,4.55,4.58,1.58,1941
4.58,4.63,4.44,4.46,1.67,1887
4.5,4.54,4.39,4.51,1.55,1896
4.52,4.69,4.5,4.61,1.77,2175
4.59,4.61,4.48,4.5,1.27,1591
4.5,4.54,4.41,4.48,0.987,1295
4.49,4.59,4.43,4.56,1.26,1539
4.54,4.6,4.52,4.58,1.21,1274
4.56,4.59,4.43,4.43,1.33,1625
4.44,4.54,4.44,4.49,1.01,1032
4.53,4.55,4.44,4.47,0.965,1082
4.47,4.52,4.39,4.51,1.22,1367
4.48,4.54,4.47,4.52,1.17,1294
4.5,4.62,4.5,4.61,1.63,2098
4.6,4.64,4.57,4.61,1.33,1489
4.62,4.67,4.59,4.64,1.53,1769
4.65,4.69,4.62,4.66,1.61,1877
4.66,4.68,4.55,4.56,1.26,1712
4.55,4.59,4.45,4.46,1.44,2185
4.46,4.53,4.43,4.52,1.25,1702
4.5,4.6,4.48,4.53,1.34,2062
4.51,4.57,4.5,4.52,0.99,1536
4.53,4.65,4.52,4.61,1.56,2249
4.62,4.7,4.62,4.69,1.77,2984
4.69,4.75,4.65,4.68,1.31,2006
4.68,4.74,4.61,4.62,1.49,2088
4.6,4.72,4.6,4.71,1.62,1965
4.7,4.71,4.53,4.55,1.52,2405
4.55,4.62,4.47,4.49,1.55,2034
4.49,4.53,4.42,4.45,1.28,1878
4.4,4.44,4.17,4.19,1.92,2936
4.22,4.26,4.2,4.25,1.15,1839
4.68,4.68,4.68,4.68,1.95,1446
4.69,4.9,4.58,4.59,8.79,12251
4.5,4.52,4.37,4.5,4.91,7419
4.48,4.48,4.36,4.4,2.99,4435
4.41,4.41,4.31,4.32,2.09,2970
4.3,4.37,4.23,4.25,1.85,2556
4.24,4.31,4.23,4.3,1.19,1854
4.33,4.37,4.21,4.28,1.47,2011
4.26,4.29,4.1,4.12,1.69,2452
4.13,4.17,4.1,4.15,1.17,1475
4.15,4.16,3.95,4,1.67,2130
4.02,4.09,3.6,3.66,2.36,3217
3.62,3.77,3.59,3.72,1.42,1795
3.73,3.76,3.59,3.59,1.19,1551
3.55,3.69,3.52,3.67,1.06,1214
3.69,3.84,3.62,3.62,1.26,1577
3.6,3.83,3.56,3.76,1.91,2180
3.72,3.77,3.69,3.75,1.27,1490
3.74,3.79,3.67,3.71,1.13,1197
3.72,3.84,3.7,3.83,1.37,1522
3.82,3.84,3.73,3.74,1.17,1356
3.72,3.84,3.72,3.83,1.29,1495
3.81,3.98,3.77,3.81,1.69,2170
3.76,3.79,3.61,3.65,1.26,1656
4.02,4.02,4.02,4.02,1.69,1180